<top-song xmlns="http://marklogic.com/MLU/top-songs">
  <!--Copyright (c) 2010 Mark Logic Corporation. Permission is
granted to copy, distribute and/or modify this document under the terms of the
GNU Free Documentation License, Version 1.2 or any later version published by
the Free Software Foundation; with no Invariant Sections, no Front-Cover Texts,
and no Back-Cover Texts. A copy of the license is included in the section 
entitled "GNU Free Documentation License." Content derived from 
http://en.wikipedia.org/wiki/You_Call_Everybody_Darlin%27 

Modified in February 2010 by Mark Logic Corporation under the terms of the 
GNU Free Documentation License.-->
  <title href="http://en.wikipedia.org/wiki/You_Call_Everybody_Darlin%27" xmlns:ts="http://marklogic.com/MLU/top-songs">You Call Everybody Darlin'</title>
  <artist href="http://en.wikipedia.org/wiki/Al_Trace" xmlns:ts="http://marklogic.com/MLU/top-songs">Al Trace</artist>
  <weeks last="1948-08-14">
    <week>1948-08-14</week>
  </weeks>
  <descr>
    <p>"You Call Everybody Darlin'" is a popular song. It was
    written by Sam Martin, Ben Trace, and Clem Watts and published
    in 1946.</p>
    <p>Several versions were recorded that charted in 1948 (mostly
    recorded that year, but at least one possibly in the previous
    year): by Al Trace (Clem Watts' real name; the biggest-selling
    version), Bob Vincent, Jack Smith, The Andrews Sisters, Jerry
    Wayne, and Jack Lathrop. The song was also recorded by Art Lund
    that year.</p>
    <p>The Al Trace recording was released by Regent Records as
    catalog number 117. The record first reached the Billboard
    magazine charts on June 18, 1948 and lasted 22 weeks on the
    chart, peaking at #1.</p>
    <p>The Bob Vincent recording was released by Mercury Records as
    catalog number 5155. The record first reached the Billboard
    magazine charts on July 23, 1948 and lasted 12 weeks on the
    chart, peaking at #13.</p>
    <p>The Jack Smith recording was recorded about December 30,
    1947 and released by Capitol Records as catalog number 15155.
    The record first reached the Billboard magazine charts on
    August 13, 1948 and lasted 9 weeks on the chart, peaking at
    #13.</p>
    <p>The Andrews Sisters recording was recorded on July 26, 1948
    and released by Decca Records as catalog number 24490. The flip
    side was "Underneath the Arches". The record first reached the
    Billboard magazine charts on August 27, 1948 and lasted 9 weeks
    on the chart, peaking at #16.</p>
    <p>The Jerry Wayne recording was recorded on July 7, 1948 and
    released by Columbia Records as catalog number 38286. The
    record first reached the Billboard magazine charts on September
    10, 1948 and lasted 1 week on the chart, at #26.</p>
    <p>The Jack Lathrop recording was released by RCA Victor
    Records as catalog number 20-3109. The record first reached the
    Billboard magazine charts on September 17, 1948 and lasted 2
    weeks on the chart, peaking at #27.</p>
    <p>The Art Lund version was recorded on July 16, 1948 and
    released by MGM Records as catalog number 10258.</p>
    <p>Country singer Lamar Morris revived the tune as a minor
    country chart song in 1973. American country music artist K. T.
    Oslin covered the song on her 1990 album, 
    <i>Love in a Small Town</i>. It was the fourth single released
    from the project and reached #69 on the 
    <i>Billboard</i>Hot Country Singles &amp; Tracks chart.</p>
  </descr>
</top-song>
