<top-song xmlns="http://marklogic.com/MLU/top-songs">
  <!--Copyright (c) 2010 Mark Logic Corporation. Permission is
granted to copy, distribute and/or modify this document under the terms of the
GNU Free Documentation License, Version 1.2 or any later version published by
the Free Software Foundation; with no Invariant Sections, no Front-Cover Texts,
and no Back-Cover Texts. A copy of the license is included in the section 
entitled "GNU Free Documentation License." Content derived from 
http://en.wikipedia.org/wiki/Sister_Golden_Hair 

Modified in February 2010 by Mark Logic Corporation under the terms of the 
GNU Free Documentation License.-->
  <title href="http://en.wikipedia.org/wiki/Sister_Golden_Hair" xmlns:ts="http://marklogic.com/MLU/top-songs">Sister Golden Hair</title>
  <artist href="http://en.wikipedia.org/wiki/America_(band)" xmlns:ts="http://marklogic.com/MLU/top-songs">America</artist>
  <weeks last="1975-06-14">
    <week>1975-06-14</week>
  </weeks>
  <album url="http://upload.wikimedia.org/wikipedia/en/thumb/7/75/AmericaSisterGHCover.jpg/200px-AmericaSisterGHCover.jpg" uri="/images/America+Sister-Golden-Hair.jpg">Hearts</album>
  <released>1975</released>
  <formats>
    <format>7"</format>
  </formats>
  <recorded>1975</recorded>
  <genres>
    <genre>Folk rock</genre>
  </genres>
  <label>Warner Bros</label>
  <writers>
    <writer>Gerry Beckley</writer>
  </writers>
  <producers>
    <producer>George Martin</producer>
  </producers>
  <descr>
    <p>"Sister Golden Hair" is a popular song written by Gerry
    Beckley and recorded by the band America for their fifth album 
    <i>Hearts</i>(1975). It was their second single to reach number
    one on the U.S. Billboard Hot 100, remaining in the top
    position for just one week.</p>
    <p>The song, while immensely popular, was criticized in
    conservative circles as a plea for common law marriage and
    living in sin.</p>
    <p>As the second number one single from the group America, this
    song cemented their popularity and the song continues to turn
    up on oldies programs, and is a popular request.</p>
  </descr>
</top-song>
