<top-song xmlns="http://marklogic.com/MLU/top-songs">
  <!--Copyright (c) 2010 Mark Logic Corporation. Permission is
granted to copy, distribute and/or modify this document under the terms of the
GNU Free Documentation License, Version 1.2 or any later version published by
the Free Software Foundation; with no Invariant Sections, no Front-Cover Texts,
and no Back-Cover Texts. A copy of the license is included in the section 
entitled "GNU Free Documentation License." Content derived from 
http://en.wikipedia.org/wiki/The_Third_Man_Theme 

Modified in February 2010 by Mark Logic Corporation under the terms of the 
GNU Free Documentation License.-->
  <title href="http://en.wikipedia.org/wiki/The_Third_Man_Theme" xmlns:ts="http://marklogic.com/MLU/top-songs">The Third Man Theme</title>
  <artist href="http://en.wikipedia.org/wiki/Anton_Karas" xmlns:ts="http://marklogic.com/MLU/top-songs">Anton Karas</artist>
  <weeks last="1950-04-29">
    <week>1950-04-29</week>
  </weeks>
  <descr>
    <p>" Theme" is an instrumental written and performed by Anton
    Karas for the soundtrack to the film 
    <i>The Third Man</i>(1949).</p>
    <p>Karas was working as a zither player when director Carol
    Reed, during location scouting for the film, heard him playing
    in a beer garden. Reed wanted music that wasn't waltz but would
    be appropriate to the city of Vienna, in which the film was
    set, so he asked Karas if he would write and record the film's
    score. Karas agreed, and he wrote the theme based on a melody
    in a practice book. The zither had not previously been widely
    used in English or American music, but the theme became popular
    with audiences of the film soon after its premiere.</p>
    <p>This song was originally released in the U.K. in 1949, where
    it was 'The Harry Lime Theme.' Following its release in the
    U.S. in 1950 (see 1950 in music), "
    <i>The Third Man</i>Theme" spent eleven weeks at number one on 
    <i>Billboard'</i>s U.S. Best Sellers in Stores chart, from
    April 23 to July 8. Its success led to a trend in releasing
    film theme music as singles. A guitar version by Guy Lombardo
    (recorded December 9, 1949, released by Decca under catalog
    number 24839) also sold strongly, and four other versions
    charted in the U.S. during 1950. According to Faber and Faber,
    the different versions of the theme have collectively sold an
    estimated forty million copies.</p>
    <p>"
    <i>The Third Man</i>Theme" was used in a 1982 TV mail-order
    record collection, 
    <i>Aerobic Dancing</i>, with Sharon Barbano.</p>
    <p>"The Third Man Theme" is also used as a theme for Japan
    Rail's Yamanote line train station at Ebisu Station (Tokyo) in
    Tokyo Japan. When a train arrives at the platform the initial
    portion of this theme will play. It is known in Japan as the
    "Ebisu Theme" which was used in early Ebisu beer commercials.
    Ebisu train station was located at the site of the former
    Yebisu#Brands beer factory which is were the station takes its
    name and why the theme is used at this train station to this
    day.</p>
    
    <p>
      <span style="white-space:nowrap"> ·</span>
      <span style="white-space:nowrap"> ·</span>
      <span style="white-space:nowrap">, Jet Harris ·</span>
      <span style="white-space:nowrap">Tony Meehan ·</span>
      <span style="white-space:nowrap">Brian 'Licorice'
      Locking ·</span>
      <span style="white-space:nowrap">Warren Bennett ·</span>
      <span style="white-space:nowrap">John Rostill ·</span>
      <span style="white-space:nowrap">John Farrar ·</span>
      <span style="white-space:nowrap">Alan Tarney ·</span>
      <span style="white-space:nowrap">Alan Hawkshaw, 
      <i>The Drifters</i>: Ian Samwell ·</span>
      <span style="white-space:nowrap">Terry Smart  ·</span>
      <span style="white-space:nowrap">Ken Pavey  ·</span>
      <span style="white-space:nowrap">Norman Mitcham</span>
    </p>
    <p>
      <span style="white-space:nowrap">
      <i>The Drifters</i>: "Feelin Fine" ·</span>
      <span style="white-space:nowrap">"Jet Black" ·</span>
      <span style="white-space:nowrap">
      <i>The Shadows</i>: "Saturday Dance" ·</span>
      <span style="white-space:nowrap">"Apache" ·</span>
      <span style="white-space:nowrap">"Man of Mystery" / "The
      Stranger" ·</span>
      <span style="white-space:nowrap">"FBI" ·</span>
      <span style="white-space:nowrap">"The Frightened
      City" ·</span>
      <span style="white-space:nowrap">"Kon-Tiki" ·</span>
      <span style="white-space:nowrap">"The Savage" ·</span>
      <span style="white-space:nowrap">"Wonderful
      Land" ·</span>
      <span style="white-space:nowrap">"Guitar Tango" ·</span>
      <span style="white-space:nowrap">"Dance On" ·</span>
      <span style="white-space:nowrap">"Foot Tapper" ·</span>
      <span style="white-space:nowrap">"Atlantis" ·</span>
      <span style="white-space:nowrap">"Shindig" ·</span>
      <span style="white-space:nowrap">"Geronimo" ·</span>
      <span style="white-space:nowrap">"Theme for Young
      Lovers" ·</span>
      <span style="white-space:nowrap">"The Rise and Fall of
      Flingel Bunt" ·</span>
      <span style="white-space:nowrap">"Rhythm and
      Greens" ·</span>
      <span style="white-space:nowrap">"Genie With the Light Brown
      Lamp" ·</span>
      <span style="white-space:nowrap">"Mary Anne" ·</span>
      <span style="white-space:nowrap">"Stingray" ·</span>
      <span style="white-space:nowrap">"Don't Make My Baby
      Blue" ·</span>
      <span style="white-space:nowrap">"The War Lord" ·</span>
      <span style="white-space:nowrap">"I Met a Girl" ·</span>
      <span style="white-space:nowrap">"A Place in the
      Sun" ·</span>
      <span style="white-space:nowrap">"The Dreams I
      Dream" ·</span>
      <span style="white-space:nowrap">"Maroc 7" ·</span>
      <span style="white-space:nowrap">"Tomorrow's
      Cancelled' ·</span>
      <span style="white-space:nowrap">"Bombay Duck" ·</span>
      <span style="white-space:nowrap">"Somewhere" ·</span>
      <span style="white-space:nowrap">"Running out of
      World" ·</span>
      <span style="white-space:nowrap">"Dear Old Mrs.
      Bell" ·</span>
      <span style="white-space:nowrap">"Slaughter on Tenth
      Avenue" ·</span>
      <span style="white-space:nowrap">"Turn Around and Touch
      Me" ·</span>
      <span style="white-space:nowrap">"Let Me Be the
      One" ·</span>
      <span style="white-space:nowrap">"Run Billy
      Run" ·</span>
      <span style="white-space:nowrap">"It'll Be Me
      Babe" ·</span>
      <span style="white-space:nowrap">"Another
      Night" ·</span>
      <span style="white-space:nowrap">"Love Deluxe" ·</span>
      <span style="white-space:nowrap">"Don't Cry for Me
      Argentina" ·</span>
      <span style="white-space:nowrap">"Theme from the Deer Hunter
      (Cavatina)" ·</span>
      <span style="white-space:nowrap">"Rodrigo's Guitar
      Concerto" ·</span>
      <span style="white-space:nowrap">"Riders in the
      Sky" ·</span>
      <span style="white-space:nowrap">"Heart of
      Glass" ·</span>
      <span style="white-space:nowrap">"Equinoxe (Part
      V)" ·</span>
      <span style="white-space:nowrap">"Mozart Forte" ·</span>
      <span style="white-space:nowrap">"
      <strong class="selflink">
The Third Man
</strong>" ·</span>
      <span style="white-space:nowrap">"Telstar" ·</span>
      <span style="white-space:nowrap">
      "Imagine/Woman" ·</span>
      <span style="white-space:nowrap">"Treat Me Nice"</span>
    </p>
  </descr>
</top-song>
