<top-song xmlns="http://marklogic.com/MLU/top-songs">
  <!--Copyright (c) 2010 Mark Logic Corporation. Permission is
granted to copy, distribute and/or modify this document under the terms of the
GNU Free Documentation License, Version 1.2 or any later version published by
the Free Software Foundation; with no Invariant Sections, no Front-Cover Texts,
and no Back-Cover Texts. A copy of the license is included in the section 
entitled "GNU Free Documentation License." Content derived from 
http://en.wikipedia.org/wiki/When_I_See_You_Smile 

Modified in February 2010 by Mark Logic Corporation under the terms of the 
GNU Free Documentation License.-->
  <title href="http://en.wikipedia.org/wiki/When_I_See_You_Smile" xmlns:ts="http://marklogic.com/MLU/top-songs">When I See You Smile</title>
  <artist href="http://en.wikipedia.org/wiki/Bad_English" xmlns:ts="http://marklogic.com/MLU/top-songs">Bad English</artist>
  <weeks last="1989-11-18">
    <week>1989-11-11</week>
    <week>1989-11-18</week>
  </weeks>
  <released>1989</released>
  <genres>
    <genre>Hard rock</genre>
  </genres>
  <lengths>
    <length>4:22</length>
  </lengths>
  <label>Epic Records</label>
  <descr>
    <p>When I See You Smile is the second single of
    American/British hard rock band Bad English, taken from their
    self-titled debut album 
    <i>Bad English</i>, released in 1989.</p>
    <p>In the video the band are performing on a stage, which
    contains close-up shots of its members. The footage was taken
    at one of their arena concerts.</p>
    <p>In 1992, 16-year-old reggae artist Singing Sweet scored a
    hit with a cover version in Jamaica and on the dancehall scene
    in the United States. Other covers were released in 1998 by
    Uncle Sam on his debut CD, and in 2006 by Clay Aiken on his CD
    A Thousand Different Ways.</p>
    <p>In August 2007 the Dutch producers duo P&amp;A remixed "When
    I See You Smile" as a dance version.</p>
    <p>In 2008, Filipina singer Nina Girado recorded her own
    version of the song for her album Nina Sings The Hits of Diane
    Warren.</p>
  </descr>
</top-song>
