<top-song xmlns="http://marklogic.com/MLU/top-songs">
  <!--Copyright (c) 2010 Mark Logic Corporation. Permission is
granted to copy, distribute and/or modify this document under the terms of the
GNU Free Documentation License, Version 1.2 or any later version published by
the Free Software Foundation; with no Invariant Sections, no Front-Cover Texts,
and no Back-Cover Texts. A copy of the license is included in the section 
entitled "GNU Free Documentation License." Content derived from 
http://en.wikipedia.org/wiki/Woman_in_Love 

Modified in February 2010 by Mark Logic Corporation under the terms of the 
GNU Free Documentation License.-->
  <title href="http://en.wikipedia.org/wiki/Woman_in_Love" xmlns:ts="http://marklogic.com/MLU/top-songs">Woman in Love</title>
  <artist href="http://en.wikipedia.org/wiki/Barbra_Streisand" xmlns:ts="http://marklogic.com/MLU/top-songs">Barbra Streisand</artist>
  <weeks last="1980-11-08">
    <week>1980-10-25</week>
    <week>1980-11-01</week>
    <week>1980-11-08</week>
  </weeks>
  <album url="http://upload.wikimedia.org/wikipedia/en/thumb/2/22/Barbra_Streisand_Woman_In_Love.jpg/200px-Barbra_Streisand_Woman_In_Love.jpg" uri="/images/Barbra-Streisand+Woman-in-Love.jpg">Guilty</album>
  <released>1980</released>
  <formats>
    <format>Vinyl record (7")</format>
  </formats>
  <recorded>February 1980 , (Middle Ear, Miami Beach)</recorded>
  <genres>
    <genre>Pop</genre>
  </genres>
  <lengths>
    <length>3:49</length>
  </lengths>
  <label>Columbia</label>
  <producers>
    <producer>Barry Gibb</producer>
    <producer>Albhy Galuten and Karl Richardson</producer>
  </producers>
  <descr>
    <p>"Woman in Love" is a popular 1980 song performed by Barbra
    Streisand and taken from her album, 
    <i>Guilty</i>. The song was written by Barry, Maurice and Robin
    Gibb of The Bee Gees.</p>
    <p>After the success enjoyed by the Bee Gees in the late 1970s,
    the band was asked to participate in musical endeavors for
    other artists, and Streisand asked Barry Gibb to write an album
    for her. This album ultimately became 
    <i>Guilty</i>; "Woman in Love", as the lead single, became one
    of the most successful songs of Streisand's music career. It
    spent a total of three weeks at the #1 position on the
    Billboard Hot 100 chart, Streisand's fifth (and last, so far)
    #1 on this chart. The others were: "The Way We Were" (1974);
    "Evergreen (Love Theme from 
    <i>A Star Is Born</i>, 1977); "You Don't Bring Me Flowers"
    (duet with Neil Diamond, 1978); and "No More Tears (Enough is
    Enough)" (duet with Donna Summer, 1979). It also spent five
    weeks atop the adult contemporary chart, her sixth #1 from that
    tally. Outside of the United States, the song also proved very
    popular, reaching #1 in many countries, including the United
    Kingdom.</p>
    <p>About midway through the song, Streisand holds a note for
    about 12 seconds while singing the line: 
    <i>I stumble and fall / But I give you it all</i>(the word
    "all" is the note held for this duration of time). During the
    chart run of "Woman In Love", Casey Kasem claimed in an edition
    of the radio program 
    <i>American Top 40</i>that this was the longest unaltered note
    held by a soloist in a #1 song., though would be later
    surpassed by Whitney Houston's vocals on her smash 14-weeks #1
    single "I Will Always Love You".</p>
    <p>Woman in Love was also covered by Dana International in
    1999.</p>
    <p>[1]</p>
    <p>On February 13, 2006 Liz McClarnon, from Atomic Kitten,
    released a cover of "Woman in Love" as her first solo single.
    The track was produced by Robin Gibb who co-authored the song.
    McClarnon's version peaked at #5 in the UK Top 40.</p>
    <p>Woman in Love was also covered by CoCo Lee in 1995.</p>
    <p>The Australian group, Young Divas, also covered this song on
    their debut album in 2006.</p>
    <p>British band The Bluetones also covered this song on their
    B-side of 2002 single "After Hours". It was also included on
    the band's 2006 compilation A Rough Outline: The Singles &amp;
    B-Sides 95 - 03.</p>
    <p>The famous Greek diva Anna Vissi recorded a Greek version of
    the song for her album "Ναι" ("Yes") in 1980.</p>
    <p>Legendary French singer Mireille Mathieu recorded a French
    Version ("Une Femme Amoureuse") of the song in 1981.</p>
    <p>German songstress Gitte Hænning recorded a German version
    titled (Die Frau, die dich liebt).</p>
    <p>In 2006, the Italian singer Filippa Giordano released in
    Mexico her album "Primadonna", including 2 Spanish tracks, one
    of them a cover of "Woman in Love" called "Me he enamorado de
    ti". The song was used in Mexico for the opening of the Mexican
    telenovela "Cuando Seas Mia".</p>
    <p>A Polish singer of Greek descent Eleni Tzoka recorded a
    Polish cover of the song titled "Zrobię ten błąd" (I'll Make
    that Mistake). The lyrical idea is completely different from
    the original version.</p>
    <p>Romanian singer Luminita Soare recorded a cover version in
    2007.</p>
    <p>Hong Kong singer Sammi Cheng covered 
    <i>Woman in Love</i>in her 1997 tour 
    <i>Star Show</i>.</p>
  </descr>
</top-song>
