<top-song xmlns="http://marklogic.com/MLU/top-songs">
  <!--Copyright (c) 2010 Mark Logic Corporation. Permission is
granted to copy, distribute and/or modify this document under the terms of the
GNU Free Documentation License, Version 1.2 or any later version published by
the Free Software Foundation; with no Invariant Sections, no Front-Cover Texts,
and no Back-Cover Texts. A copy of the license is included in the section 
entitled "GNU Free Documentation License." Content derived from 
http://en.wikipedia.org/wiki/Tell_Her_About_It 

Modified in February 2010 by Mark Logic Corporation under the terms of the 
GNU Free Documentation License.-->
  <title href="http://en.wikipedia.org/wiki/Tell_Her_About_It" xmlns:ts="http://marklogic.com/MLU/top-songs">Tell Her About It</title>
  <artist href="http://en.wikipedia.org/wiki/Billy_Joel" xmlns:ts="http://marklogic.com/MLU/top-songs">Billy Joel</artist>
  <weeks last="1983-09-24">
    <week>1983-09-24</week>
  </weeks>
  <album url="http://upload.wikimedia.org/wikipedia/en/thumb/1/11/Tell_Her_About_It.jpg/200px-Tell_Her_About_It.jpg" uri="/images/Billy-Joel+Tell-Her-About-It.jpg">An Innocent
  Man</album>
  <released>July 1983</released>
  <formats>
    <format>7" vinyl</format>
  </formats>
  <genres>
    <genre>Pop / Rock</genre>
  </genres>
  <lengths>
    <length>3:52</length>
  </lengths>
  <label>Columbia</label>
  <writers>
    <writer>Billy Joel</writer>
  </writers>
  <producers>
    <producer>Phil Ramone</producer>
  </producers>
  <descr>
    <p>"Tell Her About It" is a hit 1983 song performed by Billy
    Joel, from the hit album 
    <i>An Innocent Man</i>. An apparent homage to the Motown Sound,
    the song was #1 on the Hot 100 charts for one week on September
    24, 1983, replacing "Maniac" by Michael Sembello, which like
    "Tell Her About It" was produced by Phil Ramone. The single
    reached Gold certification from the RIAA for sales in the
    US.</p>
    <p>In the lyrics of the song, the singer exhorts a young man to
    tell the woman he loves how he feels about her before he misses
    his chance.</p>
    <p>The video for the song shows Joel singing the song as if he
    was on 
    <i>The Ed Sullivan Show</i>of the 1960s. The cover shot for the
    UK release of the song was taken from the video, as seen below.
    An Ed Sullivan imitator (Will Jordan) introduces Joel after
    Topo Gigio, the talking mouse, finishes his skit. At the end of
    the song, comedian Rodney Dangerfield is there preparing to go
    on "stage" thanking Joel for warming up the crowd.</p>
    <p>The song was performed once on LIVE! Tour 2009 by Joel with
    finalists Matt Giraud and Scott MacIntyre. Due to fan reaction,
    they also performed it on the 2010 season of 
    <i>American Idol</i>during the announcement of the top 12.</p>
    <p>
      <span style="white-space:nowrap">
        <i>Cold Spring Harbor ·</i>
      </span>
      <i>
        <span style="white-space:nowrap">Piano Man ·</span>
        <span style="white-space:nowrap">Streetlife
        Serenade ·</span>
        <span style="white-space:nowrap">Turnstiles ·</span>
        <span style="white-space:nowrap">The Stranger ·</span>
        <span style="white-space:nowrap">52nd Street ·</span>
        <span style="white-space:nowrap">Glass Houses ·</span>
        <span style="white-space:nowrap">The Nylon
        Curtain ·</span>
        <span style="white-space:nowrap">An Innocent
        Man ·</span>
        <span style="white-space:nowrap">The Bridge ·</span>
        <span style="white-space:nowrap">Storm Front ·</span>
        <span style="white-space:nowrap">River of
        Dreams ·</span>
        <span style="white-space:nowrap">Fantasies &amp;
        Delusions</span>
      </i>
    </p>
    <p>
      <span style="white-space:nowrap">
        <i>Songs in the Attic ·</i>
      </span>
      <i>
        <span style="white-space:nowrap">KOHЦEPT ·</span>
        <span style="white-space:nowrap">2000 Years: The Millennium
        Concert ·</span>
        <span style="white-space:nowrap">12 Gardens Live</span>
      </i>
    </p>
    <p>
      <span style="white-space:nowrap">
        <i>Greatest Hits, Vols. 1-3 ·</i>
      </span>
      <i>
        <span style="white-space:nowrap">The Ultimate
        Collection ·</span>
        <span style="white-space:nowrap">The Essential Billy
        Joel ·</span>
        <span style="white-space:nowrap">Piano Man: The Very Best
        of Billy Joel ·</span>
        <span style="white-space:nowrap">My Lives</span>
      </i>
    </p>
    <p>
      <span style="white-space:nowrap">"Piano Man" ·</span>
      <span style="white-space:nowrap">"Worse Comes to
      Worst" ·</span>
      <span style="white-space:nowrap">"Travelin'
      Prayer" ·</span>
      <span style="white-space:nowrap">"The
      Entertainer" ·</span>
      <span style="white-space:nowrap">"New York State of
      Mind" ·</span>
      <span style="white-space:nowrap">"Just the Way You
      Are" ·</span>
      <span style="white-space:nowrap">"Movin' Out (Anthony's
      Song)" ·</span>
      <span style="white-space:nowrap">"Only the Good Die
      Young" ·</span>
      <span style="white-space:nowrap">"She's Always a
      Woman" ·</span>
      <span style="white-space:nowrap">"The Stranger" ·</span>
      <span style="white-space:nowrap">"My Life" ·</span>
      <span style="white-space:nowrap">"Big Shot" ·</span>
      <span style="white-space:nowrap">"Honesty" ·</span>
      <span style="white-space:nowrap">"Until the
      Night" ·</span>
      <span style="white-space:nowrap">"All for
      Leyna" ·</span>
      <span style="white-space:nowrap">"You May Be
      Right" ·</span>
      <span style="white-space:nowrap">"It's Still Rock and Roll to
      Me" ·</span>
      <span style="white-space:nowrap">"Don't Ask Me
      Why" ·</span>
      <span style="white-space:nowrap">"Sometimes a
      Fantasy" ·</span>
      <span style="white-space:nowrap">"Say Goodbye to Hollywood"
      (Live) ·</span>
      <span style="white-space:nowrap">"She's Got a Way"
      (Live) ·</span>
      <span style="white-space:nowrap">"Pressure" ·</span>
      <span style="white-space:nowrap">"Allentown" ·</span>
      <span style="white-space:nowrap">"Goodnight
      Saigon" ·</span>
      <span style="white-space:nowrap">"
      <strong class="selflink">
Tell Her About It
</strong>" ·</span>
      <span style="white-space:nowrap">"Uptown Girl" ·</span>
      <span style="white-space:nowrap">"An Innocent
      Man" ·</span>
      <span style="white-space:nowrap">"The Longest
      Time" ·</span>
      <span style="white-space:nowrap">"Leave a Tender Moment
      Alone" ·</span>
      <span style="white-space:nowrap">"This Night" ·</span>
      <span style="white-space:nowrap">"Keeping the
      Faith" ·</span>
      <span style="white-space:nowrap">"You're Only Human (Second
      Wind)" ·</span>
      <span style="white-space:nowrap">"The Night Is Still
      Young" ·</span>
      <span style="white-space:nowrap">"Modern Woman" ·</span>
      <span style="white-space:nowrap">"A Matter of
      Trust" ·</span>
      <span style="white-space:nowrap">"Baby Grand" ·</span>
      <span style="white-space:nowrap">"This Is the
      Time" ·</span>
      <span style="white-space:nowrap">"We Didn't Start the
      Fire" ·</span>
      <span style="white-space:nowrap">"Leningrad" ·</span>
      <span style="white-space:nowrap">"I Go to
      Extremes" ·</span>
      <span style="white-space:nowrap">"And So It
      Goes" ·</span>
      <span style="white-space:nowrap">"That's Not Her
      Style" ·</span>
      <span style="white-space:nowrap">"The Downeaster
      'Alexa'" ·</span>
      <span style="white-space:nowrap">"Shameless" ·</span>
      <span style="white-space:nowrap">"All Shook Up" ·</span>
      <span style="white-space:nowrap">"The River of
      Dreams" ·</span>
      <span style="white-space:nowrap">"All About
      Soul" ·</span>
      <span style="white-space:nowrap">"No Man's
      Land" ·</span>
      <span style="white-space:nowrap">"Lullabye (Goodnight, My
      Angel)" ·</span>
      <span style="white-space:nowrap">"To Make You Feel My
      Love" ·</span>
      <span style="white-space:nowrap">"Hey Girl" ·</span>
      <span style="white-space:nowrap">"All My Life" ·</span>
      <span style="white-space:nowrap">"Christmas in
      Fallujah"</span>
    </p>
    <p>
      <span style="white-space:nowrap">Discography ·</span>
      <span style="white-space:nowrap">
        <i>Movin' Out</i>
      </span>
    </p>
  </descr>
</top-song>
