<top-song xmlns="http://marklogic.com/MLU/top-songs">
  <!--Copyright (c) 2010 Mark Logic Corporation. Permission is
granted to copy, distribute and/or modify this document under the terms of the
GNU Free Documentation License, Version 1.2 or any later version published by
the Free Software Foundation; with no Invariant Sections, no Front-Cover Texts,
and no Back-Cover Texts. A copy of the license is included in the section 
entitled "GNU Free Documentation License." Content derived from 
http://en.wikipedia.org/wiki/I%27m_Sorry_(Brenda_Lee_song) 

Modified in February 2010 by Mark Logic Corporation under the terms of the 
GNU Free Documentation License.-->
  <title href="http://en.wikipedia.org/wiki/I%27m_Sorry_(Brenda_Lee_song)" xmlns:ts="http://marklogic.com/MLU/top-songs">I'm Sorry</title>
  <artist href="http://en.wikipedia.org/wiki/Brenda_Lee" xmlns:ts="http://marklogic.com/MLU/top-songs">Brenda Lee</artist>
  <weeks last="1960-08-01">
    <week>1960-07-18</week>
    <week>1960-07-25</week>
    <week>1960-08-01</week>
  </weeks>
  <descr>
    <p>"I'm Sorry" is a 1960 hit song for then-15-year-old American
    country pop singer Brenda Lee. It peaked at number one on the
    Billboard Hot 100 singles chart in July 1960. Allmusic guide
    wrote that it is the pop star's "definitive song", and one of
    the "finest teen pop songs of its era". It was written by Dub
    Albritton and Ronnie Self. On the UK Singles Chart, the song
    peaked at number twelve.</p>
    <p>According to the 
    <i>Billboard Book of Number One Hits</i>by Fred Bronson, Brenda
    Lee recorded the song early in 1960 but her label, Decca
    Records, held it from release for several months out of concern
    that a 15-year-old girl was not mature enough to sing about
    unrequited love. When the song finally was released, it was
    considered to be the flip side of the more uptempo "That's All
    You Gotta Do." Although "That's All You Gotta Do" was a chart
    success in its own right, reaching number six on the Hot 100,
    it was "I'm Sorry" that became the smash hit and the standard .
    On other charts, "I'm Sorry" peaked at number four on the
    R&amp;B chart and "That's All You Gotta Do" peaked at number
    nineteen on the R&amp;B charts .</p>
    <p>Although it was never released to country radio as a single,
    "I'm Sorry" would in time become accepted by country fans as a
    standard of the genre. The song — a fixture on many "country
    oldies" programs — was an early example of the then-new
    "Nashville Sound," a style which emphasized a
    stringed-instrumental sound and background vocals.</p>
    <p>Ben Vaughn referenced it in his song "I'm Sorry (But So Is
    Brenda Lee)".</p>
  </descr>
</top-song>
