<top-song xmlns="http://marklogic.com/MLU/top-songs">
  <!--Copyright (c) 2010 Mark Logic Corporation. Permission is
granted to copy, distribute and/or modify this document under the terms of the
GNU Free Documentation License, Version 1.2 or any later version published by
the Free Software Foundation; with no Invariant Sections, no Front-Cover Texts,
and no Back-Cover Texts. A copy of the license is included in the section 
entitled "GNU Free Documentation License." Content derived from 
http://en.wikipedia.org/wiki/Gonna_Make_You_Sweat_(Everybody_Dance_Now) 

Modified in February 2010 by Mark Logic Corporation under the terms of the 
GNU Free Documentation License.-->
  <title href="http://en.wikipedia.org/wiki/Gonna_Make_You_Sweat_(Everybody_Dance_Now)" xmlns:ts="http://marklogic.com/MLU/top-songs">Gonna Make You Sweat (Everybody Dance Now)</title>
  <artist href="http://en.wikipedia.org/wiki/C%2BC_Music_Factory" xmlns:ts="http://marklogic.com/MLU/top-songs">C+C Music Factory featuring Freedom Williams</artist>
  <weeks last="1991-02-16">
    <week>1991-02-09</week>
    <week>1991-02-16</week>
  </weeks>
  <album url="http://upload.wikimedia.org/wikipedia/en/thumb/9/9a/GMYSEDN_single.jpg/200px-GMYSEDN_single.jpg" uri="/images/C+C-Music-Factory-featuring-Freedom-Williams+Gonna-Make-You-Sweat-Everybody-Dance-Now.jpg">
  Gonna Make You Sweat</album>
  <released>October 18, 1990 , 1996 (Radio Disney
  edition)</released>
  <formats>
    <format>CD single</format>
    <format>CD maxi</format>
    <format>7" single</format>
    <format>12" maxi</format>
  </formats>
  <recorded>1990</recorded>
  <genres>
    <genre>Dance</genre>
    <genre>hip hop</genre>
  </genres>
  <lengths>
    <length>4:06</length>
  </lengths>
  <label>Columbia</label>
  <writers>
    <writer>Robert Clivillés</writer>
    <writer>Freedom Williams</writer>
  </writers>
  <producers>
    <producer>David Cole</producer>
    <producer>Robert Clivillés</producer>
    <producer>Freedom Williams and Larry Yasgar</producer>
  </producers>
  <descr>
    <p>"Gonna Make You Sweat (Everybody Dance Now)" was C+C Music
    Factory's first hit. It was released in late 1990 in many
    countries and achieved a great success in U.S., Austria,
    Germany and Switzerland where it reached #1 on the charts.</p>
    <p>The rap was performed by Freedom Williams and the vocal
    "Everybody Dance Now" by Disco/House Music artist Martha
    Wash.</p>
    <p>Wash, perturbed by the fact that her image had been labeled
    "unmarketable" because of her obesity, successfully sued to
    receive proper credit (and royalties). Wash's courtroom efforts
    spurred legislation making vocal credits mandatory on CDs and
    music videos.</p>
    <p>When it was first released, "Gonna Make You Sweat (Everybody
    Dance Now)" was met by widespread commercial recognition,
    initiating the house movement of the early '90s. Topping charts
    in several countries, the song dominated the airwaves while its
    accompanying music video received constant rotation on MTV.
    Music critics praised "Gonna Make You Sweat" for Freedom
    Williams' Ice-T-like rap delivery in conjunction with Martha
    Wash's powerful, exuberant, post-disco vocals and deemed the
    song as a bona fide classic. However, over the years, the song
    came to be used and/or referenced an innumerable amount of
    times by entertainment industry, to the point were it became
    something of a musical, pop culture cliché. By 2007, the song
    was criticized by Allmusic as "the lazy Hollywood "go-to" song
    for supposed laugh-filled, irony-fueled dance numbers."</p>
    <p>The song held the top spot in the 
    <i>Billboard Magazine</i>list of popular dance club tunes for
    five weeks in December 1990, and topped Billboard's Hot 100
    Singles list for two weeks in 1991 (February 9 and February
    16.) It reached #3 in the UK in January, a full month before
    its American pop success.</p>
    <p>Was featured in the Chevy Chase and Jonathan Taylor Thomas
    movie 
    <i>Man of the House</i>in an Indian dance sequence.</p>
    <p>The video featured dancers performing in front of a white
    back drop. Zelma Davis lip-synchs to the recorded vocals of
    Martha Wash. A short clip on Double Dutch is shown near the
    end.</p>
  </descr>
</top-song>
