<top-song xmlns="http://marklogic.com/MLU/top-songs">
  <!--Copyright (c) 2010 Mark Logic Corporation. Permission is
granted to copy, distribute and/or modify this document under the terms of the
GNU Free Documentation License, Version 1.2 or any later version published by
the Free Software Foundation; with no Invariant Sections, no Front-Cover Texts,
and no Back-Cover Texts. A copy of the license is included in the section 
entitled "GNU Free Documentation License." Content derived from 
http://en.wikipedia.org/wiki/Love_Will_Keep_Us_Together 

Modified in February 2010 by Mark Logic Corporation under the terms of the 
GNU Free Documentation License.-->
  <title href="http://en.wikipedia.org/wiki/Love_Will_Keep_Us_Together" xmlns:ts="http://marklogic.com/MLU/top-songs">Love Will Keep Us Together</title>
  <artist href="http://en.wikipedia.org/wiki/Captain_%26_Tennille" xmlns:ts="http://marklogic.com/MLU/top-songs">Captain &amp; Tennille</artist>
  <weeks last="1975-07-12">
    <week>1975-06-21</week>
    <week>1975-06-28</week>
    <week>1975-07-05</week>
    <week>1975-07-12</week>
  </weeks>
  <album url="http://upload.wikimedia.org/wikipedia/en/4/45/S140943.jpg" uri="/images/Captain-Tennille+Love-Will-Keep-Us-Together.jpg">
  Love Will Keep Us Together</album>
  <released>1975</released>
  <formats>
    <format>7"</format>
  </formats>
  <recorded>1974</recorded>
  <genres>
    <genre>Pop</genre>
  </genres>
  <label>A&amp;M Records</label>
  <writers>
    <writer>Neil Sedaka</writer>
    <writer>Howard Greenfield</writer>
  </writers>
  <producers>
    <producer>Daryl Dragon</producer>
  </producers>
  <descr>
    <p>"Love Will Keep Us Together" is a popular song written by
    Neil Sedaka and Howard Greenfield in 1973. It was first
    released in the United Kingdom on Sedaka's 1973 LP 
    <i>The Tra-La Days Are Over</i>, which was never released in
    the U.S. The song arrived in the U.S. the following year when
    it appeared on Sedaka's compilation album 
    <i>Sedaka's Back</i>.</p>
    <p>Although Sedaka (and Wilson Pickett) recorded the song
    earlier in the 1970s, it is best remembered for the subsequent
    1975 cover version by The Captain &amp; Tennille. It was their
    debut single, reaching #1 on the Billboard Hot 100 for the week
    ending June 21, 1975 and remaining in the top position for four
    weeks, and was the top US single for the entire year. Their
    recording also received a Grammy Award for Record of the Year.
    "The Captain," aka Daryl Dragon, and Toni Tennille acknowledged
    Sedaka's authorship as well as his mid-1970s comeback by
    working the phrase "Sedaka is back" into the song's fadeout.
    The Spanish version of the song, "Por Amor Viviremos", was
    released as well during the summer of 1975 and charted as high
    as number 49 on the Billboard Hot 100 chart. The song was
    released as the only single from the LP "Por Amor Viviremos"
    which was the same LP as "Love Will Keep Us Together", only
    rerecorded entirely in Spanish.</p>
    <p>In 1976, The Tubes covered "Love Will Keep Us Together" with
    a live show track on the album "T.R.A.S.H.". In the 1978 Mae
    West movie Sextette, West and Timothy Dalton cover the tune in
    a Disco style. In 1983, The Circle Jerks covered "Love Will
    Keep Us Together" as one of the six cover versions on "Golden
    Shower of Hits (Jerks on 45)", which appears on their third
    album with the same title. The song was also covered by
    Nickelback in 2001 for the Andrew Denton Breakfast Show Musical
    Challenge on Sydney, Australia's version of radio station
    Triple M, and was later added as a bonus track on some versions
    of their 2003 album The Long Road.</p>
    <p>In 1999, French singer Sheila, who is best known
    internationally as Sheila B.Devotion ('Spacer' 1979), covered
    the song for her album 'Dense'. The song was released as a cd
    single and 12 inch with remixes in the Summer of 2000 (EMI
    France).</p>
    <p>The song was featured on the video game Karaoke Revolution
    Presents: American Idol.</p>
    <p>The song was also featured as the opening of film 
    <i>Get Over It</i>starring Kirsten Dunst. It appears in Starsky
    and Hutch (2004) , Sextette (1978) and House Arrest (1996).</p>
    <p>
      <span style="white-space:nowrap">"Nel blu dipinto di blu
      (Volare)" ·</span>
      <span style="white-space:nowrap">"Mack the
      Knife" ·</span>
      <span style="white-space:nowrap">"Theme from A Summer
      Place" ·</span>
      <span style="white-space:nowrap">"Moon River" ·</span>
      <span style="white-space:nowrap">"I Left My Heart in San
      Francisco" ·</span>
      <span style="white-space:nowrap">"Days of Wine and
      Roses" ·</span>
      <span style="white-space:nowrap">"The Girl from
      Ipanema" ·</span>
      <span style="white-space:nowrap">"A Taste of
      Honey" ·</span>
      <span style="white-space:nowrap">"Strangers in the
      Night" ·</span>
      <span style="white-space:nowrap">"Up, Up and
      Away" ·</span>
      <span style="white-space:nowrap">"Mrs. Robinson"</span>
    </p>
    <p>
      <span style="white-space:nowrap">"Aquarius/Let the Sunshine
      In" ·</span>
      <span style="white-space:nowrap">"Bridge over Troubled
      Water" ·</span>
      <span style="white-space:nowrap">"It's Too
      Late" ·</span>
      <span style="white-space:nowrap">"The First Time Ever I Saw
      Your Face" ·</span>
      <span style="white-space:nowrap">"Killing Me Softly with His
      Song" ·</span>
      <span style="white-space:nowrap">"I Honestly Love
      You" ·</span>
      <span style="white-space:nowrap">"
      <strong class="selflink">
Love Will Keep Us Together
</strong>" ·</span>
      <span style="white-space:nowrap">"This
      Masquerade" ·</span>
      <span style="white-space:nowrap">"Hotel
      California" ·</span>
      <span style="white-space:nowrap">"Just the Way You
      Are"</span>
    </p>
    <p>
      <span style="white-space:nowrap">"What a Fool
      Believes" ·</span>
      <span style="white-space:nowrap">"Sailing" ·</span>
      <span style="white-space:nowrap">"Bette Davis
      Eyes" ·</span>
      <span style="white-space:nowrap">"Rosanna" ·</span>
      <span style="white-space:nowrap">"Beat It" ·</span>
      <span style="white-space:nowrap">"What's Love Got to Do with
      It" ·</span>
      <span style="white-space:nowrap">"We Are the
      World" ·</span>
      <span style="white-space:nowrap">"Higher Love" ·</span>
      <span style="white-space:nowrap">"Graceland" ·</span>
      <span style="white-space:nowrap">"Don't Worry, Be
      Happy"</span>
    </p>
    <p>
      <span style="white-space:nowrap">"Wind Beneath My
      Wings" ·</span>
      <span style="white-space:nowrap">"Another Day in
      Paradise" ·</span>
      <span style="white-space:nowrap">
      "Unforgettable" ·</span>
      <span style="white-space:nowrap">"Tears in
      Heaven" ·</span>
      <span style="white-space:nowrap">"I Will Always Love
      You" ·</span>
      <span style="white-space:nowrap">"All I Wanna
      Do" ·</span>
      <span style="white-space:nowrap">"Kiss from a
      Rose" ·</span>
      <span style="white-space:nowrap">"Change the
      World" ·</span>
      <span style="white-space:nowrap">"Sunny Came
      Home" ·</span>
      <span style="white-space:nowrap">"My Heart Will Go On"</span>
    </p>
    <p>
      <span style="white-space:nowrap">"Smooth" ·</span>
      <span style="white-space:nowrap">"Beautiful
      Day" ·</span>
      <span style="white-space:nowrap">"Walk On" ·</span>
      <span style="white-space:nowrap">"Don't Know
      Why" ·</span>
      <span style="white-space:nowrap">"Clocks" ·</span>
      <span style="white-space:nowrap">"Here We Go
      Again" ·</span>
      <span style="white-space:nowrap">"Boulevard of Broken
      Dreams" ·</span>
      <span style="white-space:nowrap">"Not Ready to Make
      Nice" ·</span>
      <span style="white-space:nowrap">"Rehab" ·</span>
      <span style="white-space:nowrap">"Please Read the
      Letter"</span>
    </p>
    <p>
      <span style="white-space:nowrap">"Use Somebody"</span>
    </p>
    
  </descr>
</top-song>
