<top-song xmlns="http://marklogic.com/MLU/top-songs">
  <!--Copyright (c) 2010 Mark Logic Corporation. Permission is
granted to copy, distribute and/or modify this document under the terms of the
GNU Free Documentation License, Version 1.2 or any later version published by
the Free Software Foundation; with no Invariant Sections, no Front-Cover Texts,
and no Back-Cover Texts. A copy of the license is included in the section 
entitled "GNU Free Documentation License." Content derived from 
http://en.wikipedia.org/wiki/Ridin%27 

Modified in February 2010 by Mark Logic Corporation under the terms of the 
GNU Free Documentation License.-->
  <title href="http://en.wikipedia.org/wiki/Ridin%27" xmlns:ts="http://marklogic.com/MLU/top-songs">Ridin'</title>
  <artist href="http://en.wikipedia.org/wiki/Chamillionaire" xmlns:ts="http://marklogic.com/MLU/top-songs">Chamillionaire featuring Krayzie Bone</artist>
  <weeks last="2006-06-10">
    <week>2006-06-03</week>
    <week>2006-06-10</week>
  </weeks>
  <album url="http://upload.wikimedia.org/wikipedia/en/thumb/5/56/RidinChamillionaireKB.jpg/200px-RidinChamillionaireKB.jpg" uri="/images/Chamillionaire-featuring-Krayzie-Bone+Ridin.jpg">The
  Sound of Revenge</album>
  <released>January 12, 2006</released>
  <formats>
    <format>CD single</format>
    <format>7" single</format>
  </formats>
  <recorded>2005</recorded>
  <genres>
    <genre>Hip Hop</genre>
    <genre>southern hip hop</genre>
    <genre>Gangsta rap</genre>
  </genres>
  <lengths>
    <length>5:03 (Album Version)</length>
    <length>4:03 (Radio Edit)</length>
    <length>3:46 (UK Radio Edit)</length>
  </lengths>
  <label>Universal / Chamillitary</label>
  <writers>
    <writer>Chamillionaire</writer>
  </writers>
  <producers>
    <producer>Play-N-Skillz</producer>
  </producers>
  <descr>
    <p>"Ridin'" (or Ridin' Dirty) is the second single from
    Chamillionaire's album, 
    <i>The Sound of Revenge</i>, and features a guest rap by
    Krayzie Bone. Its title is often incorrectly assumed to be
    "Ridin' Dirty" due to the chorus. The lyrics concern racial
    profiling and police brutality, as well as the stereotyping of
    African Americans driving a vehicle with drugs or other
    contraband on the inside ("riding dirty"). The music video
    attempts to create a sense of the police abusing their powers
    for likely racist reasons, though the singer does admit to
    various crimes of that nature, including driving under the
    influence, juxtaposing police actions with wrestling scenes to
    show how the police allegedly treat suspects. The music video,
    filmed in Dallas, Texas, also has cameo appearances by Tom
    Lister Jr., Wish Bone, Layzie Bone, Play-N-Skillz, Chingo
    Bling, OG Ron C, Big Tuck, and Chamillionaire's younger brother
    Rasaq.</p>
    <p>
    <i>Ridin'</i>was awarded "Best Rap Performance by a Duo or
    Group" at the 49th Annual Grammy Awards. It was also nominated
    for Best Rap Song. It became number one in December on the
    Piczo Chart 3 months after its physical release. The song also
    topped the Billboard Hot 100 in the U.S. for two weeks, and
    peaked at number 2 on the UK Singles Chart behind Shakira when
    it was released there.</p>
    <p>The song ranked #3 on 
    <i>Rolling Stone's</i>"100 Best Songs of 2006". It was the best
    selling ringtone in 2006, with 3.2 million sales, certified by
    the RIAA as the first multi-platinum Mastertone artist in
    history.</p>
    <p>Number 91 on VH1's 100 Greatest Songs of Hip Hop. It was
    also awarded the last Best Rap Video at the MTV Video Music
    Awards, which was awarded in 2006.</p>
    <p>UK - CD: 1</p>
    <p>UK - CD: 2</p>
    <p>The remixes feature the following artists:</p>
  </descr>
</top-song>
