<top-song xmlns="http://marklogic.com/MLU/top-songs">
  <!--Copyright (c) 2010 Mark Logic Corporation. Permission is
granted to copy, distribute and/or modify this document under the terms of the
GNU Free Documentation License, Version 1.2 or any later version published by
the Free Software Foundation; with no Invariant Sections, no Front-Cover Texts,
and no Back-Cover Texts. A copy of the license is included in the section 
entitled "GNU Free Documentation License." Content derived from 
http://en.wikipedia.org/wiki/Sailing_(Christopher_Cross_song) 

Modified in February 2010 by Mark Logic Corporation under the terms of the 
GNU Free Documentation License.-->
  <title href="http://en.wikipedia.org/wiki/Sailing_(Christopher_Cross_song)" xmlns:ts="http://marklogic.com/MLU/top-songs">Sailing</title>
  <artist href="http://en.wikipedia.org/wiki/Christopher_Cross" xmlns:ts="http://marklogic.com/MLU/top-songs">Christopher Cross</artist>
  <weeks last="1980-08-30">
    <week>1980-08-30</week>
  </weeks>
  <album>Christopher Cross</album>
  <released>1980</released>
  <genres>
    <genre>Soft rock</genre>
    <genre>Pop</genre>
    <genre>Yacht Rock</genre>
  </genres>
  <lengths>
    <length>4:14</length>
  </lengths>
  <label>Warner Bros.</label>
  <writers>
    <writer>Christopher Cross</writer>
  </writers>
  <producers>
    <producer>Michael Omartian</producer>
  </producers>
  <descr>
    <p>"Sailing" is a number-one single, written and performed by
    Christopher Cross on his 1979 eponymous debut album. The song
    was a phenomenal success, winning Grammy Awards for Song of the
    Year, Arrangement of the Year, and helping Cross win the Best
    New Artist award. VH1 named this the greatest "softsational
    soft rock" music song of all time. The lyrics describe the joys
    of sailing.</p>
    <p>It was a number-one rated single in the United States. Since
    its debut, it has been covered by many artists, including
    Avant, Barry Manilow, Big Bub, 'N Sync, and Phajja.</p>
    <p>The song was one of the first digitally recorded songs,
    utilizing the 3M digital recording system.</p>
    <p>The Mexican airline AeroMéxico used the theme during the
    middle 1980s as a jingle for its advertisements; it was also
    used for the cigarette brand Winston.</p>
    <p>Dr. Octagon refers to the lyrics in the song "Blue Flowers
    Revisited" on the album 
    <i>Dr. Octagonecologyst</i>.</p>
    <p>Tracy Morgan referenced the song "Sailing" when he appeared
    on The Daily Show with Jon Stewart on Feb 24th, 2010. Tracy
    stated that if he had a variety show he would book Christopher
    Cross to sing Sailing with a russian bear on a bicycle. Cross
    would be wearing a Houston Oilers jersey and playing a
    double-axe bass guitar. Morgan then talked about how he used to
    cry when he would hear Cross sing the song and noted that it
    was his "vision" to have Cross sing with the bear riding the
    bicycle.</p>
    <p>
      <span style="white-space:nowrap">"Nel blu dipinto di blu
      (Volare)" ·</span>
      <span style="white-space:nowrap">"Mack the
      Knife" ·</span>
      <span style="white-space:nowrap">"Theme from A Summer
      Place" ·</span>
      <span style="white-space:nowrap">"Moon River" ·</span>
      <span style="white-space:nowrap">"I Left My Heart in San
      Francisco" ·</span>
      <span style="white-space:nowrap">"Days of Wine and
      Roses" ·</span>
      <span style="white-space:nowrap">"The Girl from
      Ipanema" ·</span>
      <span style="white-space:nowrap">"A Taste of
      Honey" ·</span>
      <span style="white-space:nowrap">"Strangers in the
      Night" ·</span>
      <span style="white-space:nowrap">"Up, Up and
      Away" ·</span>
      <span style="white-space:nowrap">"Mrs. Robinson"</span>
    </p>
    <p>
      <span style="white-space:nowrap">"Aquarius/Let the Sunshine
      In" ·</span>
      <span style="white-space:nowrap">"Bridge over Troubled
      Water" ·</span>
      <span style="white-space:nowrap">"It's Too
      Late" ·</span>
      <span style="white-space:nowrap">"The First Time Ever I Saw
      Your Face" ·</span>
      <span style="white-space:nowrap">"Killing Me Softly with His
      Song" ·</span>
      <span style="white-space:nowrap">"I Honestly Love
      You" ·</span>
      <span style="white-space:nowrap">"Love Will Keep Us
      Together" ·</span>
      <span style="white-space:nowrap">"This
      Masquerade" ·</span>
      <span style="white-space:nowrap">"Hotel
      California" ·</span>
      <span style="white-space:nowrap">"Just the Way You
      Are"</span>
    </p>
    <p>
      <span style="white-space:nowrap">"What a Fool
      Believes" ·</span>
      <span style="white-space:nowrap">"
      <strong class="selflink">
Sailing
</strong>" ·</span>
      <span style="white-space:nowrap">"Bette Davis
      Eyes" ·</span>
      <span style="white-space:nowrap">"Rosanna" ·</span>
      <span style="white-space:nowrap">"Beat It" ·</span>
      <span style="white-space:nowrap">"What's Love Got to Do with
      It" ·</span>
      <span style="white-space:nowrap">"We Are the
      World" ·</span>
      <span style="white-space:nowrap">"Higher Love" ·</span>
      <span style="white-space:nowrap">"Graceland" ·</span>
      <span style="white-space:nowrap">"Don't Worry, Be
      Happy"</span>
    </p>
    <p>
      <span style="white-space:nowrap">"Wind Beneath My
      Wings" ·</span>
      <span style="white-space:nowrap">"Another Day in
      Paradise" ·</span>
      <span style="white-space:nowrap">
      "Unforgettable" ·</span>
      <span style="white-space:nowrap">"Tears in
      Heaven" ·</span>
      <span style="white-space:nowrap">"I Will Always Love
      You" ·</span>
      <span style="white-space:nowrap">"All I Wanna
      Do" ·</span>
      <span style="white-space:nowrap">"Kiss from a
      Rose" ·</span>
      <span style="white-space:nowrap">"Change the
      World" ·</span>
      <span style="white-space:nowrap">"Sunny Came
      Home" ·</span>
      <span style="white-space:nowrap">"My Heart Will Go On"</span>
    </p>
    <p>
      <span style="white-space:nowrap">"Smooth" ·</span>
      <span style="white-space:nowrap">"Beautiful
      Day" ·</span>
      <span style="white-space:nowrap">"Walk On" ·</span>
      <span style="white-space:nowrap">"Don't Know
      Why" ·</span>
      <span style="white-space:nowrap">"Clocks" ·</span>
      <span style="white-space:nowrap">"Here We Go
      Again" ·</span>
      <span style="white-space:nowrap">"Boulevard of Broken
      Dreams" ·</span>
      <span style="white-space:nowrap">"Not Ready to Make
      Nice" ·</span>
      <span style="white-space:nowrap">"Rehab" ·</span>
      <span style="white-space:nowrap">"Please Read the
      Letter"</span>
    </p>
    <p>
      <span style="white-space:nowrap">"Use Somebody"</span>
    </p>
    
  </descr>
</top-song>
