<top-song xmlns="http://marklogic.com/MLU/top-songs">
  <!--Copyright (c) 2010 Mark Logic Corporation. Permission is
granted to copy, distribute and/or modify this document under the terms of the
GNU Free Documentation License, Version 1.2 or any later version published by
the Free Software Foundation; with no Invariant Sections, no Front-Cover Texts,
and no Back-Cover Texts. A copy of the license is included in the section 
entitled "GNU Free Documentation License." Content derived from 
http://en.wikipedia.org/wiki/The_Twist_(song) 

Modified in February 2010 by Mark Logic Corporation under the terms of the 
GNU Free Documentation License.-->
  <title href="http://en.wikipedia.org/wiki/The_Twist_(song)" xmlns:ts="http://marklogic.com/MLU/top-songs">The Twist</title>
  <artist href="http://en.wikipedia.org/wiki/Chubby_Checker" xmlns:ts="http://marklogic.com/MLU/top-songs">Chubby Checker</artist>
  <weeks last="1960-09-19">
    <week>1960-09-19</week>
  </weeks>
  <released>July 1960; December 1961</released>
  <formats>
    <format>7"</format>
    <format>45rpm</format>
  </formats>
  <recorded>1960</recorded>
  <genres>
    <genre>Rock and roll</genre>
  </genres>
  <lengths>
    <length>2:52</length>
  </lengths>
  <label>Parkway Records 811</label>
  <writers>
    <writer>Hank Ballard</writer>
  </writers>
  <descr>
    <p>"The Twist" is a twelve bar blues song that gave birth to
    the Twist dance craze. The song was written and originally
    released in 1959 by Hank Ballard and the Midnighters as a
    B-side (to "Teardrops on Your Letter") but his version was only
    a moderate 1960 hit, peaking at 28 on the Hot 100. The song,
    and the dance the Twist, was popularized in 1960 when the song
    was covered by Chubby Checker. His single became a smash hit,
    reaching number one on the Billboard Hot 100 on September 19,
    1960 (one week), and then setting a record by being the only
    single to reach number one in two different chart runs when it
    resurfaced and topped the chart again on January 13, 1962 (two
    weeks).</p>
    <p>Checker re-recorded the song numerous times. An updated 1982
    recording (from his album 
    <i>The Change Has Come</i>) was retitled "T-82", and in the
    1990s, he recorded a country version. In the late 1970s, he
    recorded a new version that, except for the sound mix and some
    minor arrangement changes, was identical to the 1960 original;
    as a result this later version is often misidentified on
    compilations as the original recording. Checker also recorded
    variations on the theme, such as "Let's Twist Again (Like We
    Did Last Summer)" to keep the craze alive (although "Let's
    Twist Again" was and has remained more popular than "The Twist"
    itself in the United Kingdom).</p>
    <p>In 1988, the song "The Twist" became popular once again, due
    to a new recording of the song by The Fat Boys featuring Chubby
    Checker. This version reached number two in the United Kingdom
    and number one in Germany.</p>
    <p>Songs about doing the Twist went back to nineteenth-century
    minstrelsy, including "Grape Vine Twist" from around 1844. In
    1938 Jelly Roll Morton, in "Winin' Boy Blues," sang, "Mama,
    mama, look at sis, she's out on the levee doing the double
    twist"--a reference to both sex and dancing in those days. As
    for this particular song, "The Twist," Hank Ballard's
    guitarist, Cal Green, said they picked up the general idea from
    Brother Joe Wallace of the gospel group The Sensational
    Nightingales, who of course couldn't record it himself. Green
    and Ballard already had written a song together called "Is Your
    Love For Real," which they'd taken from Clyde McPhatter &amp;
    the Drifters' 1955 song "What'cha Gonna Do," so they simply put
    the new Twist words to the older melody--and voila! "The Twist"
    They originally recorded a loose version of the song in a
    Florida studio in early 1958, with slightly different lyrics,
    featuring Green on guitar playing like Jimmy Reed. However,
    they didn't get around to recording the released version until
    November 11, 1958, when the Midnighters were in Cincinnati.
    Ballard thought "The Twist" was the hit side, but King Records
    producer Henry Glover preferred the ballad "Teardrops on Your
    Letter," which he'd written himself.</p>
    <p>According to Magazine, "The Twist" held the honor of being
    the number-one song on its "Hot 100 50th Anniversary" list of
    "The Billboard: All-Time Hot 100 Top Songs" in the first 50
    years of the Hot 100 chart.</p>
    <p>The song is ranked number 451 on the 
    <i>Rolling Stone</i>magazine's list of The 500 Greatest Songs
    of All Time.</p>
    <p>The song is featured on the soundtrack released May 1,
    2007.</p>
    <p>Jim Dawson wrote a 1995 book about the song and the Twist
    phenomenon called 
    <i>The Twist: The Story of the Song and Dance That Changed the
    World</i>for Faber &amp; Faber ISBN 780571 198528</p>
  </descr>
</top-song>
