<top-song xmlns="http://marklogic.com/MLU/top-songs">
  <!--Copyright (c) 2010 Mark Logic Corporation. Permission is
granted to copy, distribute and/or modify this document under the terms of the
GNU Free Documentation License, Version 1.2 or any later version published by
the Free Software Foundation; with no Invariant Sections, no Front-Cover Texts,
and no Back-Cover Texts. A copy of the license is included in the section 
entitled "GNU Free Documentation License." Content derived from 
http://en.wikipedia.org/wiki/Ain%27t_No_Mountain_High_Enough 

Modified in February 2010 by Mark Logic Corporation under the terms of the 
GNU Free Documentation License.-->
  <title href="http://en.wikipedia.org/wiki/Ain%27t_No_Mountain_High_Enough" xmlns:ts="http://marklogic.com/MLU/top-songs">Ain't No Mountain High Enough</title>
  <artist href="http://en.wikipedia.org/wiki/Diana_Ross" xmlns:ts="http://marklogic.com/MLU/top-songs">Diana Ross</artist>
  <weeks last="1970-10-03">
    <week>1970-09-19</week>
    <week>1970-09-26</week>
    <week>1970-10-03</week>
  </weeks>
  <album url="http://upload.wikimedia.org/wikipedia/en/thumb/2/2c/Anhme1967.jpg/200px-Anhme1967.jpg" uri="/images/Diana-Ross+Ain-t-No-Mountain-High-Enough.jpg">
  United</album>
  <released>April 20, 1967</released>
  <formats>
    <format>7" single</format>
  </formats>
  <recorded>Hitsville USA (Studio A) , ( Detroit, Michigan ) ,
  January 29, 1967</recorded>
  <genres>
    <genre>Soul</genre>
    <genre>rhythm &amp; blues</genre>
  </genres>
  <lengths>
    <length>2:28</length>
  </lengths>
  <label>Tamla , T 54149</label>
  <writers>
    <writer>Nickolas Ashford &amp; Valerie Simpson</writer>
  </writers>
  <producers>
    <producer>Harvey Fuqua</producer>
    <producer>Johnny Bristol</producer>
  </producers>
  <descr>
    <p>"I Can't Believe You Love Me", (Terrell, 1966)</p>
    <p>"Your Precious Love", (Terrell, 1967)</p>
    <p>"Ain't No Mountain High Enough" is an R&amp;B/soul song
    written by Nickolas Ashford &amp; Valerie Simpson in 1966. The
    composition was first successful as a 1967 hit single recorded
    by Marvin Gaye and Tammi Terrell for the Tamla (Motown) label.
    The song became a hit a second time in 1970, when a cover by
    fellow Motown artist Diana Ross became a number-one hit on the
    Hot 100 chart and was nominated for a Grammy Award.</p>
    <p>The original 1967 version of "Ain't No Mountain High Enough"
    was a top twenty hit. According to record producers, Terrell
    was a little nervous and intimidated during recording because
    she hadn't rehearsed the lyrics. Terrell recorded her vocals
    alone with producers Harvey Fuqua and Johnny Bristol, who added
    Gaye's vocal at a later date. "Ain't No Mountain" peaked at
    number nineteen on the Billboard pop charts, and went to number
    three on the R&amp;B charts.</p>
    <p>This original version of "Ain't No Mountain", produced by
    Fuqua and Bristol, was a care-free, danceable, and romantic
    love song that became the signature duet between Gaye and
    Terrell. Its success led to a string of more Ashford/Simpson
    penned duets (including "You're All I Need to Get By", "Ain't
    Nothing Like the Real Thing", and "Your Precious Love").</p>
    <p>The Gaye/Terrell version was inducted into the Grammy Hall
    of Fame in 1999, and is regarded today as one of the most
    important records ever released by Motown.</p>
    <p>After the Top 20 success of her first single, "Reach Out and
    Touch (Somebody's Hand)", Ashford and Simpson had Ross
    re-record "Ain't No Mountain High Enough". Initially, Ross was
    apprehensive, as she had previously covered the song as a
    member of the Supremes in a duet with The Temptations(see
    below). Eventually, however, she was convinced to make the
    recording. The new cover re-imagined Gaye and Terrell's duet as
    a dramatic six-minute opus, composed primarily of spoken word
    passages from Ross, with the Andantes, Jimmy Beavers, and
    Ashford and Simpson as backing singers.</p>
    <p>Motown chief Berry Gordy didn't like the record upon first
    hearing it. He hated the spoken-word passages and wanted the
    song to begin with the climactic chorus/bridge. It was not
    until radio stations nationwide were editing their own versions
    and adding it to their playlists that Ashford and Simpson were
    able to convince Gordy to release an edited three-minute
    version as a single. Ross' version of "Ain't No Mountain High
    Enough" rose up to number one on both the pop and R&amp;B
    singles charts., and Ross received a Grammy nomination for Best
    Female Pop Vocal Performance. Ross's version was later sampled
    in Jadakiss's song Can't Stop Me.</p>
    <p>With The Supremes, Diana Ross recorded a version of "Ain't
    No Mountain High Enough" which was more faithful to the
    Terrell-Gaye original version as a duet with The Temptations.
    That song was an album cut from a joint LP released by Motown
    Records in 1968 on the two superstar groups, titled 
    <i>Diana Ross &amp; the Supremes Join The Temptations</i>.</p>
    <p>1981 saw the recording by Inner Life of the underground
    dance classic "Ain't No Mountain High Enough", produced by
    Patrick Adams and Greg Carmichael, remixed by Larry Levan, and
    released on the Salsoul label. The same year saw an upbeat
    disco version by the Boys Town Gang who recorded it as a medley
    with another Ashford &amp; Simpson song, "Remember Me". The
    full version of this song is nearly 14 minutes long and can be
    found on their album 
    <i>Cruisin the Street</i>.</p>
    <p>Stacy Lattisaw and Howard Hewett sang "Ain't No Mountain
    High Enough" on 
    <i>Personal Attention</i>album in 1988.</p>
    <p>Australian Rock legend Jimmy Barnes released a Motown-styled
    album, titled 
    <i>Soul Deep</i>, in 1991 with twelve covers; one of them was
    his rock version of "Ain't No Mountain High Enough". This cover
    reached #28 in Australia in 1992</p>
    <p>In 1993, at the end of the film 
    <i>Sister Act 2: Back in the Habit</i>, Whoopi Goldberg and
    most of the cast of the movie, including future neo-soul
    superstar Lauryn Hill, mixed both the Gaye/Terrell and Diana
    Ross solo versions of the song together for a performance of
    "Ain't No Mountain" at the climax of the film. The Gaye/Terrell
    version also frequently turns up, often as part of a
    sing-along, in "feel-good" movies, such as 
    <i>Remember the Titans</i>and 
    <i>Stepmom</i>.</p>
    <p>Former Doobie Brother Michael McDonald recorded the song as
    part of his 
    <i>Motown</i>album in 2003. The version was used in a
    commercial for MCI and in the film 
    <i>The 40-Year-Old Virgin</i>.</p>
    <p>In 2004, the 12 finalists of American Idol (season 3)
    covered the song for the ensemble track for the cast album
    American Idol Season 3: Greatest Soul Classics</p>
    <p>Swedish pop band Play recorded the song for their 2003 album
    
    <i>Replay</i>. This version appeared in the trailer for the
    2006 film 
    <i>Last Holiday</i>.</p>
    <p>In 2006, Australian vocal group Human Nature included a
    cover on the 2nd album of their Motown trilogy, Dancing in the
    Street: the Songs of Motown II. The album debuted at #1 on the
    ARIA charts.</p>
    <p>In 2006, Amy Winehouse recorded the song "Tears Dry On Their
    Own" for her album 
    <i>Back to Black</i>, which keeps the melody and
    instrumentation of "Ain't No Mountain High Enough", but which
    contains different, original lyrics written by Winehouse.</p>
    <p>Portions of the song were interpolated on the Jessica
    Simpson single "A Public Affair".</p>
    <p>In 2009, Lionel Richie and Stefanie Heinzmann performed the
    song live in the German music award show Echo 2009.</p>
    <p>
    <i>The Soulful Moods of Marvin Gaye</i> (1961)
    <span style="font-weight:bold;"> ·</span>
    <i>That Stubborn Kinda Fellow</i> (1962)
    <span style="font-weight:bold;"> ·</span>
    <i>When I'm Alone I Cry</i> (1964)
    <span style="font-weight:bold;"> ·</span>
    <i>Hello Broadway</i> (1964)
    <span style="font-weight:bold;"> ·</span>
    <i>How Sweet It Is to Be Loved by You</i> (1965)
    <span style="font-weight:bold;"> ·</span>
    <i>A Tribute to the Great Nat "King" Cole</i> (1965)
    <span style="font-weight:bold;"> ·</span>
    <i>Moods of Marvin Gaye</i> (1966)
    <span style="font-weight:bold;"> ·</span>
    <i>In the Groove/I Heard It Through the
    Grapevine</i> (1968)
    <span style="font-weight:bold;"> ·</span>
    <i>M.P.G.</i> (1969)
    <span style="font-weight:bold;"> ·</span>
    <i>That's the Way Love Is</i> (1970)
    <span style="font-weight:bold;"> ·</span>
    <i>What's Going On</i> (1971)
    <span style="font-weight:bold;"> ·</span>
    <i>Let's Get It On</i> (1973)
    <span style="font-weight:bold;"> ·</span>
    <i>I Want You</i> (1976)
    <span style="font-weight:bold;"> ·</span>
    <i>Here, My Dear</i> (1978)
    <span style="font-weight:bold;"> ·</span>
    <i>In Our Lifetime</i> (1981)
    <span style="font-weight:bold;"> ·</span>
    <i>Midnight Love</i> (1982)
    <span style="font-weight:bold;"> ·</span>
    <i>Dream of a Lifetime</i> (1985)
    <span style="font-weight:bold;"> ·</span>
    <i>Romantically Yours</i> (1986)
    <span style="font-weight:bold;"> ·</span>
    <i>Vulnerable</i> (1997)</p>
    <p>
    <i>Together</i> (1964)
    <span style="font-weight:bold;"> ·</span>
    <i>Take Two</i> (1966)
    <span style="font-weight:bold;"> ·</span>
    <i>United</i> (1967)
    <span style="font-weight:bold;"> ·</span>
    <i>You're All I Need</i> (1968)
    <span style="font-weight:bold;"> ·</span>
    <i>Easy</i> (1969)
    <span style="font-weight:bold;"> ·</span>
    <i>Diana &amp; Marvin</i> (1973)</p>
    <p>
    <i>Marvin Gaye Recorded Live on Stage</i> (1963)
    <span style="font-weight:bold;"> ·</span>
    <i>Trouble Man</i> (1972)
    <span style="font-weight:bold;"> ·</span>
    <i>Marvin Gaye Live!</i> (1974)
    <span style="font-weight:bold;"> ·</span>
    <i>Live at the London Palladium</i> (1977)
    <span style="font-weight:bold;"> ·</span>
    <i>Marvin Gaye at the Copa</i> (2005)</p>
    <p>"Pride and Joy"
    <span style="font-weight:bold;"> ·</span>"How Sweet It Is
    (To Be Loved by You)"
    <span style="font-weight:bold;"> ·</span>"I'll Be Doggone"
    <span style="font-weight:bold;"> ·</span>"Ain't That
    Peculiar"
    <span style="font-weight:bold;"> ·</span>"Your Precious
    Love"
    <span style="font-weight:bold;"> ·</span>"If I Could Build
    My Whole World Around You"
    <span style="font-weight:bold;"> ·</span>"Ain't Nothing
    Like the Real Thing"
    <span style="font-weight:bold;"> ·</span>"You're All I
    Need to Get By"
    <span style="font-weight:bold;"> ·</span>"I Heard It
    Through the Grapevine"
    <span style="font-weight:bold;"> ·</span>"Too Busy
    Thinking About My Baby"
    <span style="font-weight:bold;"> ·</span>"Abraham, Martin
    &amp; John"
    <span style="font-weight:bold;"> ·</span>"The Onion Song"
    <span style="font-weight:bold;"> ·</span>"That's the Way
    Love Is"
    <span style="font-weight:bold;"> ·</span>"What's Going On"
    <span style="font-weight:bold;"> ·</span>"Mercy Mercy Me
    (The Ecology)"
    <span style="font-weight:bold;"> ·</span>"Inner City Blues
    (Make Me Wanna Holler)"
    <span style="font-weight:bold;"> ·</span>
    <span style="white-space:nowrap;">"Trouble Man"
    <span style="font-weight:bold;"> ·</span></span>"Let's Get
    It On"
    <span style="font-weight:bold;"> ·</span>"Come Get to
    This"
    <span style="font-weight:bold;"> ·</span>"You Are
    Everything"
    <span style="font-weight:bold;"> ·</span>"Got to Give It
    Up"
    <span style="font-weight:bold;"> ·</span>"Sexual
    Healing"</p>
    <p>Marvin Gay, Sr.
    <span style="font-weight:bold;"> ·</span>Alberta Gay
    <span style="font-weight:bold;"> ·</span>Anna Gordy Gaye
    <span style="font-weight:bold;"> ·</span>Frankie Gaye
    <span style="font-weight:bold;"> ·</span>Janis Hunter Gaye
    <span style="font-weight:bold;"> ·</span>Nona Gaye
    <span style="font-weight:bold;"> ·</span>Gordon Banks</p>
    <p>Discography
    <span style="font-weight:bold;"> ·</span>Songs
    <span style="font-weight:bold;"> ·</span>Albums
    <span style="font-weight:bold;"> ·</span>Songs by Marvin
    Gaye
    <span style="font-weight:bold;"> ·</span>Albums produced
    by Marvin Gaye
    <span style="font-weight:bold;"> ·</span>Marvin Gaye
    vocalists
    <span style="font-weight:bold;"> ·</span>Songs in memory
    <span style="font-weight:bold;"> ·</span>Death
    <span style="font-weight:bold;"> ·</span>Harvey Fuqua
    <span style="font-weight:bold;"> ·</span>The Moonglows
    <span style="font-weight:bold;"> ·</span>Tammi Terrell
    <span style="font-weight:bold;"> ·</span>Leon Ware
    <span style="font-weight:bold;"> ·</span>Marvin's Room</p>
    <p>"
    <strong class="selflink">
Ain't No Mountain High Enough
</strong>"
    <span style="font-weight:bold;"> ·</span>"Remember Me"
    <span style="font-weight:bold;"> ·</span>"I'm Still
    Waiting"
    <span style="font-weight:bold;"> ·</span>"Surrender"
    <span style="font-weight:bold;"> ·</span>"Touch Me in the
    Morning"
    <span style="font-weight:bold;"> ·</span>"All of My Life"
    <span style="font-weight:bold;"> ·</span>"You Are
    Everything"
    <span style="font-weight:bold;"> ·</span>"Theme from (Do
    You Know Where You're Going To)"
    <span style="font-weight:bold;"> ·</span>"Love Hangover"
    <span style="font-weight:bold;"> ·</span>"Upside Down"
    <span style="font-weight:bold;"> ·</span>"I'm Coming Out"
    <span style="font-weight:bold;"> ·</span>"My Old Piano"
    <span style="font-weight:bold;"> ·</span>"It's My Turn"
    <span style="font-weight:bold;"> ·</span>"Endless Love"
    <span style="font-weight:bold;"> ·</span>"Why Do Fools
    Fall in Love"
    <span style="font-weight:bold;"> ·</span>"Mirror, Mirror"
    <span style="font-weight:bold;"> ·</span>"Work That Body"
    <span style="font-weight:bold;"> ·</span>"Muscles"
    <span style="font-weight:bold;"> ·</span>"Missing You"
    <span style="font-weight:bold;"> ·</span>"Chain Reaction"
    <span style="font-weight:bold;"> ·</span>"When You Tell Me
    That You Love Me"
    <span style="font-weight:bold;"> ·</span>"One Shining
    Moment"
    <span style="font-weight:bold;"> ·</span>"Not Over You
    Yet"</p>
    <p>
    <i>Lady Sings the Blues</i>(1972)
    <span style="font-weight:bold;"> ·</span>
    <i>Mahogany</i>(1975)
    <span style="font-weight:bold;"> ·</span>
    <i>The Wiz</i>(1978)
    <span style="font-weight:bold;"> ·</span>
    <i>Out of Darkness</i>(1994)
    <span style="font-weight:bold;"> ·</span>
    <i>Double Platinum</i>(1999)</p>
    <p>Discography
    <span style="font-weight:bold;"> ·</span>The Supremes
    <span style="font-weight:bold;"> ·</span>Berry Gordy
    <span style="font-weight:bold;"> ·</span>Rhonda Ross
    Kendrick
    <span style="font-weight:bold;"> ·</span>Tracee Ellis Ross
    <span style="font-weight:bold;"> ·</span>Evan Ross
    <span style="font-weight:bold;"> ·</span>Arne Næss, Jr.
    <span style="font-weight:bold;"> ·</span>List of awards
    and nominations received by Diana Ross
    <span style="font-weight:bold;"> ·</span>Diana Ross
    Playground</p>
  </descr>
</top-song>
