<top-song xmlns="http://marklogic.com/MLU/top-songs">
  <!--Copyright (c) 2010 Mark Logic Corporation. Permission is
granted to copy, distribute and/or modify this document under the terms of the
GNU Free Documentation License, Version 1.2 or any later version published by
the Free Software Foundation; with no Invariant Sections, no Front-Cover Texts,
and no Back-Cover Texts. A copy of the license is included in the section 
entitled "GNU Free Documentation License." Content derived from 
http://en.wikipedia.org/wiki/Someday_We%27ll_Be_Together 

Modified in February 2010 by Mark Logic Corporation under the terms of the 
GNU Free Documentation License.-->
  <title href="http://en.wikipedia.org/wiki/Someday_We%27ll_Be_Together" xmlns:ts="http://marklogic.com/MLU/top-songs">Someday We'll Be Together</title>
  <artist href="http://en.wikipedia.org/wiki/Diana_Ross_%26_The_Supremes" xmlns:ts="http://marklogic.com/MLU/top-songs">Diana Ross &amp; The Supremes</artist>
  <weeks last="1969-12-27">
    <week>1969-12-27</week>
  </weeks>
  <released>November 1961</released>
  <formats>
    <format>Vinyl record (7" 45 RPM)</format>
  </formats>
  <recorded>1961</recorded>
  <genres>
    <genre>Soul</genre>
  </genres>
  <lengths>
    <length>3:25</length>
  </lengths>
  <label>Tri-Phi , 1005</label>
  <writers>
    <writer>Johnny Bristol</writer>
    <writer>Jackey Beavers</writer>
    <writer>Harvey Fuqua</writer>
  </writers>
  <producers>
    <producer>Harvey Fuqua</producer>
  </producers>
  <descr>
    <p>"Someday We'll Be Together" is a hit song made popular as
    the last of twelve number-one singles for Motown act Diana Ross
    &amp; the Supremes, released on October 14, 1969. It is noted
    for being the final Supremes song featuring Diana Ross, who
    left the group for a solo career in January 1970 and was
    replaced by Jean Terrell. Despite this distinction, "Someday
    We'll Be Together" was originally recorded as Ross' first solo
    single; hence, Mary Wilson and Cindy Birdsong do not sing on
    the recorded release.</p>
    <p>"Someday We'll Be Together" reached the number-one position
    on the Billboard Hot 100 singles chart for one week. As it
    topped the American pop chart in the final 1969 issue of 
    <i>Billboard</i>magazine (dated December 27), the single was
    not only the final number-one in 12 chart-topping pop hits for
    The Supremes, but it also holds the distinction of being the
    final American number-one hit of the 1960s.</p>
    <p>The single also charted at number-one on the Billboard
    R&amp;B Singles for four weeks, from December 13, 1969 to
    January 3, 1970. "Someday We'll Be Together" therefore appeared
    in 
    <i>Billboard</i>as both the final R&amp;B number-one of the
    1960s and the first R&amp;B number-one of the 1970s.. It was
    both preceded and succeeded by other Motown singles: "Baby I'm
    For Real" by The Originals preceded "Someday", while The
    Jackson 5's "I Want You Back" followed it.</p>
    <p>The song was written by Johnny Bristol, Jackey Beavers, and
    Harvey Fuqua in 1961; and Bristol and Beavers recorded the song
    together as "Johnny &amp; Jackey" for the Tri-Phi label that
    same year. "Someday" was a moderate success in the Midwestern
    United States, but gained little notice in other venues.</p>
    <p>Tri-Phi was purchased by Motown Records in the mid-1960s.
    Fuqua, Bristol, and Beavers all joined Berry Gordy's by-then
    famous record company, and "Someday We'll Be Together" became
    part of Motown's Jobete publishing catalog. Beavers soon
    departed for Chess Records, although both Bristol and Fuqua
    stayed on as songwriters and producers for the label.</p>
    <p>In 1969, Bristol was preparing a cover version of "Someday
    We'll Be Together", to be recorded by Motown act Jr. Walker
    &amp; the All-Stars. Bristol had already recorded the
    instrumental track and the background vocals by Maxine Waters
    and Julia Waters when Berry Gordy happened upon the tracks and
    heard them. Gordy thought that "Someday" would be a perfect
    first solo single for Diana Ross, who was making her
    long-expected exit from the Supremes at the time, and had
    Bristol sequester Ross into the studio to record the song.</p>
    <p>Unable at first to get the vocal performance he desired from
    Diana Ross, Johnny Bristol decided to try something different:
    he would harmonize with Ross, helping her to get into the mood
    needed for the record. On the first take, the engineer
    accidentally recorded both Ross's vocal and Bristol's ad-libs.
    Bristol and arranger Wade Marcus liked the results, and Bristol
    had his vocal recorded alongside Ross' for the final version of
    the song. Bristol's ad-libs and words of encouragement to Ross
    can be heard in the background throughout the song.</p>
    <p>When Berry Gordy heard the completed song, he decided to
    release it as the final Diana Ross &amp; the Supremes song.
    Ross' first solo single instead became "Reach Out and Touch
    (Somebody's Hand)".</p>
    <p>While the explicit subject of the song was that of Ross
    comforting a long-distance lover, "Someday We'll Be Together"
    allowed for a number of other implications as well. Most
    obvious was the suggestion that "someday", Ross and her
    bandmates Mary Wilson and Cindy Birdsong would "be together"
    once again (although, ironically, neither Wilson nor Birdsong
    sing on the record). In concert, Ross would suggest that the
    repeated chorus of "someday...we'll be together" seemed to
    present a message of hope for such contemporary troubles as
    civil rights and the protests and demonstrations over
    Vietnam.</p>
    <p>"Someday We'll Be Together" was included on the final Diana
    Ross &amp; the Supremes album, 
    <i>Cream of the Crop</i>. The song was a number-one hit on both
    the Billboard Pop Singles chart and the Billboard R&amp;B
    Singles charts, and charted at number 13 in the United
    Kingdom's Top 50 chart.. "Someday's" b-side, "He's My Sunny
    Boy", was recorded by Ross, Wilson, and Birdsong for the 
    <i>Love Child</i>album in 1968; Smokey Robinson was writer and
    producer of the track.</p>
    <p>Bill Anderson and Jan Howard recorded a cover version for
    the country music market. Their version reached No. 4 on 
    <i>Billboard magazine'</i>s Hot Country Singles chart in the
    summer of 1970.</p>
    <p>Other cover versions included those by rock artist Vonda
    Shepard, Scottish pop singer Jimmy Somerville, orchestra leader
    Bert Kaempfert, and country singer Lorrie Morgan. [1]</p>
    <p>It was covered again 24 years after the original in the
    smash hit "If" from Janet Jackson's album 
    <i>janet..</i>It samples the signature guitar riff from this
    song.</p>
    <p>The girl group made their final live appearance on the CBS
    variety program 
    <i>The Ed Sullivan Show</i>with Diana Ross as lead singer on
    Sunday, December 21, 1969.</p>
    <p>Fittingly, "Someday We'll Be Together" was the final number
    at Diana Ross &amp; The Supremes' farewell concert on January
    14, 1970 at the Frontier Hotel in Las Vegas. After the
    completion of the show, Jean Terrell was presented onstage to
    the audience as Diana Ross' replacement, and "Diana Ross &amp;
    the Supremes" officially split apart, becoming the 
    <i>new</i>"The Supremes."</p>
    <p>Diana Ross reunited with Mary Wilson and Cindy Birdsong
    reunited in 1983, performing the single for 
    <i>Motown 25: Yesterday, Today, Forever</i>television
    special.</p>
    <p>
    <i>Meet The Supremes</i>(1962)
    <span style="font-weight:bold;"> ·</span>
    <i>Where Did Our Love Go</i>(1964)
    <span style="font-weight:bold;"> ·</span>
    <i>More Hits by The Supremes</i>(1965)
    <span style="font-weight:bold;"> ·</span>
    <i>I Hear a Symphony</i>(1966)
    <span style="font-weight:bold;"> ·</span>
    <i>Merry Christmas</i>(1965)
    <span style="font-weight:bold;"> ·</span>
    <i>The Supremes A' Go-Go</i>(1966)
    <span style="font-weight:bold;"> ·</span>
    <i>The Supremes Sing Holland–Dozier–Holland</i>(1967)
    <span style="font-weight:bold;"> ·</span>
    <i>Reflections</i>(1968)
    <span style="font-weight:bold;"> ·</span>
    <i>Love Child</i>(1968)
    <span style="font-weight:bold;"> ·</span>
    <i>Let the Sunshine In</i>(1969)
    <span style="font-weight:bold;"> ·</span>
    <i>Cream of the Crop</i>(1969)
    <span style="font-weight:bold;"> ·</span>
    <i>Right On</i>(1970)
    <span style="font-weight:bold;"> ·</span>
    <i>New Ways but Love Stays</i>(1970)
    <span style="font-weight:bold;"> ·</span>
    <i>Touch</i>(1971)
    <span style="font-weight:bold;"> ·</span>
    <i>Floy Joy</i>(1972)
    <span style="font-weight:bold;"> ·</span>
    <i>The Supremes Produced and Arranged by Jimmy Webb</i>(1972)
    <span style="font-weight:bold;"> ·</span>
    <i>The Supremes</i>(1975)
    <span style="font-weight:bold;"> ·</span>
    <i>High Energy</i>(1976)
    <span style="font-weight:bold;"> ·</span>
    <i>Mary, Scherrie &amp; Susaye</i>(1976)</p>
    <p>
    <i>Diana Ross &amp; the Supremes Join The Temptations</i>(1968)
    <span style="font-weight:bold;"> ·</span>
    <i>Together</i>(1969)
    <span style="font-weight:bold;"> ·</span>
    <i>The Magnificent 7</i>(1970)
    <span style="font-weight:bold;"> ·</span>
    <i>The Return of the Magnificent 7</i>(1971)
    <span style="font-weight:bold;"> ·</span>
    <i>Dynamite!</i>(1971)</p>
    <p>
    <i>The Supremes at the Copa</i>(1965)
    <span style="font-weight:bold;"> ·</span>
    <i>Live at London's Talk of the Town</i>(1968)
    <span style="font-weight:bold;"> ·</span>
    <i>TCB</i>(1968)
    <span style="font-weight:bold;"> ·</span>
    <i>On Broadway</i>(1969)
    <span style="font-weight:bold;"> ·</span>
    <i>Farewell</i>(1970)
    <span style="font-weight:bold;"> ·</span>
    <i>The Supremes Live! In Japan</i>(1973)</p>
    <p>
    <i>A Bit of Liverpool</i>(1964)
    <span style="font-weight:bold;"> ·</span>
    <i>The Supremes Sing Country, Western and Pop</i>(1965)
    <span style="font-weight:bold;"> ·</span>
    <i>We Remember Sam Cooke</i>(1965)
    <span style="font-weight:bold;"> ·</span>
    <i>The Supremes Sing Rodgers &amp; Hart</i>(1967)
    <span style="font-weight:bold;"> ·</span>
    <i>Diana Ross &amp; the Supremes Sing and Perform "Funny
    Girl"</i>(1968)</p>
    <p>"Where Did Our Love Go"
    <span style="font-weight:bold;"> ·</span>"Baby Love"
    <span style="font-weight:bold;"> ·</span>"Come See About
    Me"
    <span style="font-weight:bold;"> ·</span>"Stop! In the
    Name of Love"
    <span style="font-weight:bold;"> ·</span>"Back in My Arms
    Again"
    <span style="font-weight:bold;"> ·</span>"I Hear a
    Symphony"
    <span style="font-weight:bold;"> ·</span>"My World Is
    Empty Without You"
    <span style="font-weight:bold;"> ·</span>"Love Is Like an
    Itching in My Heart"
    <span style="font-weight:bold;"> ·</span>"You Can't Hurry
    Love"
    <span style="font-weight:bold;"> ·</span>"You Keep Me
    Hangin' On"
    <span style="font-weight:bold;"> ·</span>"Love Is Here and
    Now You're Gone"
    <span style="font-weight:bold;"> ·</span>"The Happening"
    <span style="font-weight:bold;"> ·</span>"Reflections"
    <span style="font-weight:bold;"> ·</span>"In and out of
    Love"
    <span style="font-weight:bold;"> ·</span>"Love Child"
    <span style="font-weight:bold;"> ·</span>"I'm Gonna Make
    You Love Me"
    <span style="font-weight:bold;"> ·</span>"I'm Livin' in
    Shame"
    <span style="font-weight:bold;"> ·</span>"
    <strong class="selflink">
Someday We'll Be Together
</strong>"
    <span style="font-weight:bold;"> ·</span>"Up the Ladder to
    the Roof"
    <span style="font-weight:bold;"> ·</span>"Stoned Love"
    <span style="font-weight:bold;"> ·</span>"River Deep –
    Mountain High"
    <span style="font-weight:bold;"> ·</span>"Nathan Jones"
    <span style="font-weight:bold;"> ·</span>"Floy Joy"
    <span style="font-weight:bold;"> ·</span>"Automatically
    Sunshine"</p>
    <p>
      <i>The T.A.M.I. Show</i>
      <span style="font-weight:bold;"> ·</span>
      <i>Greatest Hits: Live in Amsterdam</i>
      <span style="font-weight:bold;"> ·</span>
      <i>Reflections: The Definitive Performances (1964–1969)</i>
      <span style="font-weight:bold;"> ·</span>
      <i>Motown 25: Yesterday, Today, Forever</i>
    </p>
    <p>Discography
    <span style="font-weight:bold;"> ·</span>Timeline
    <span style="font-weight:bold;"> ·</span>Chronology
    <span style="font-weight:bold;"> ·</span>Members
    <span style="font-weight:bold;"> ·</span>(Broadway
    musical)
    <span style="font-weight:bold;"> ·</span>(film)
    <span style="font-weight:bold;"> ·</span>Berry Gordy
    <span style="font-weight:bold;">
     ·</span>Holland–Dozier–Holland
    <span style="font-weight:bold;"> ·</span>FLOS</p>
  </descr>
</top-song>
