<top-song xmlns="http://marklogic.com/MLU/top-songs">
  <!--Copyright (c) 2010 Mark Logic Corporation. Permission is
granted to copy, distribute and/or modify this document under the terms of the
GNU Free Documentation License, Version 1.2 or any later version published by
the Free Software Foundation; with no Invariant Sections, no Front-Cover Texts,
and no Back-Cover Texts. A copy of the license is included in the section 
entitled "GNU Free Documentation License." Content derived from 
http://en.wikipedia.org/wiki/That%27s_What_Friends_Are_For 

Modified in February 2010 by Mark Logic Corporation under the terms of the 
GNU Free Documentation License.-->
  <title href="http://en.wikipedia.org/wiki/That%27s_What_Friends_Are_For" xmlns:ts="http://marklogic.com/MLU/top-songs">That's What Friends Are For</title>
  <artist href="http://en.wikipedia.org/wiki/Dionne_Warwick" xmlns:ts="http://marklogic.com/MLU/top-songs">Dionne and Friends</artist>
  <weeks last="1986-02-08">
    <week>1986-01-18</week>
    <week>1986-01-25</week>
    <week>1986-02-01</week>
    <week>1986-02-08</week>
  </weeks>
  <descr>
    <p>"That's What Friends Are For" is a 1982 song written by Burt
    Bacharach and Carole Bayer Sager and introduced by Rod Stewart
    for the soundtrack of the film 
    <i>Night Shift</i>.</p>
    <p>The song is far better known for its cover version by Dionne
    Warwick and Friends. A one-off collaboration featuring Gladys
    Knight, Elton John and Stevie Wonder released as a charity
    single in the United Kingdom and the United States in 1985, it
    was recorded as a benefit for American Foundation for AIDS
    Research, and raised over US$3 million for that cause. The tune
    peaked at number one for three weeks on the soul chart and for
    four weeks on the Billboard Hot 100 in January 1986 and became
    Billboard's number one single of 1986. In 1988, the Washington
    Post wrote, "So working against AIDS, especially after years of
    raising money for work on many blood-related diseases such as
    sickle-cell anemia, seemed the right thing to do. 'You have to
    be granite not to want to help people with AIDS, because the
    devastation that it causes is so painful to see. I was so hurt
    to see my friend die with such agony,' Warwick remembers. 'I am
    tired of hurting and it does hurt.'"</p>
    <p>The Dionne and Friends version of the song won the
    performers the Grammy Award for Best Pop Performance by a Duo
    or Group with Vocal, as well as Song of the Year for its
    writers, Bacharach and Bayer Sager. It also was ranked by 
    <i>Billboard</i>magazine as the most popular song of 1986.</p>
    <p>Dionne and Friend's version also listed at #61 on 
    <i>Billboard's Greatest Songs of all time.</i>[1]</p>
    <p>On March 17, 1990 an AIDS benefit titled 
    <i>That's What Friends Are For: Arista Records 15th Anniversary
    Concert</i>was held at Radio City Music Hall in New York City.
    One month later, CBS aired a two-hour version of the concert on
    television. The celebrity guests and Arista label performers
    were: Air Supply, Lauren Bacall, Burt Bacharach, Eric Carmen,
    Chevy Chase, Jane Curtin, Clive Davis, Taylor Dayne, Michael
    Douglas, Exposé, Whoopi Goldberg, Melanie Griffith, Hall &amp;
    Oates, Jennifer Holliday, Whitney Houston, Alan Jackson, Kenny
    G, Melissa Manchester, Barry Manilow, Milli Vanilli, Jeffrey
    Osborne, Carly Simon, Patti Smith, Lisa Stansfield, The Four
    Tops, and Dionne Warwick. "That's What Friends Are For" was the
    finale song sung by Warwick and cousin Houston before being
    joined on the stage by the other guests of the event. Over $2.5
    million was raised that night for the Arista Foundation which
    gave the proceeds to various AIDS organizations.</p>
    <p>
      <span style="white-space:nowrap">
        <i>The Jazz Soul of Little Stevie ·</i>
      </span>
      <span style="white-space:nowrap">
        <i>Tribute to Uncle Ray ·</i>
      </span>
      <span style="white-space:nowrap">
        <i>With a Song in My Heart ·</i>
      </span>
      <span style="white-space:nowrap">
        <i>Stevie at the Beach ·</i>
      </span>
      <span style="white-space:nowrap">
        <i>Up-Tight ·</i>
      </span>
      <span style="white-space:nowrap">
        <i>Down to Earth ·</i>
      </span>
      <span style="white-space:nowrap">
        <i>I Was Made to Love Her ·</i>
      </span>
      <span style="white-space:nowrap">
        <i>Someday at Christmas ·</i>
      </span>
      <span style="white-space:nowrap">
        <i>Eivets Rednow ·</i>
      </span>
      <span style="white-space:nowrap">
        <i>For Once in My Life ·</i>
      </span>
      <span style="white-space:nowrap">
        <i>My Cherie Amour ·</i>
      </span>
      <span style="white-space:nowrap">
        <i>Signed, Sealed &amp; Delivered ·</i>
      </span>
      <span style="white-space:nowrap">
        <i>Where I'm Coming From ·</i>
      </span>
      <span style="white-space:nowrap">
        <i>Music of My Mind ·</i>
      </span>
      <span style="white-space:nowrap">
        <i>Talking Book ·</i>
      </span>
      <span style="white-space:nowrap">
        <i>Innervisions ·</i>
      </span>
      <span style="white-space:nowrap">
        <i>Fulfillingness' First Finale ·</i>
      </span>
      <span style="white-space:nowrap">
        <i>Songs in the Key of Life ·</i>
      </span>
      <span style="white-space:nowrap">
        <i>Hotter than July ·</i>
      </span>
      <span style="white-space:nowrap">
        <i>In Square Circle ·</i>
      </span>
      <span style="white-space:nowrap">
        <i>Characters ·</i>
      </span>
      <span style="white-space:nowrap">
        <i>Conversation Peace ·</i>
      </span>
      <span style="white-space:nowrap">
        <i>A Time to Love</i>
      </span>
    </p>
    <p>
      <span style="white-space:nowrap">
        <i>Recorded Live: The 12 Year Old Genius ·</i>
      </span>
      <span style="white-space:nowrap">
        <i>Stevie Wonder Live ·</i>
      </span>
      <span style="white-space:nowrap">
        <i>Natural Wonder</i>
      </span>
    </p>
    <p>
      <span style="white-space:nowrap">
        <i>Journey through the Secret Life of Plants ·</i>
      </span>
      <span style="white-space:nowrap">
        <i>The Woman in Red ·</i>
      </span>
      <span style="white-space:nowrap">
        <i>Jungle Fever</i>
      </span>
    </p>
    <p>
      <span style="white-space:nowrap">
        <i>Looking Back ·</i>
      </span>
      <span style="white-space:nowrap">
        <i>Stevie Wonder's Original Musiquarium ·</i>
      </span>
      <span style="white-space:nowrap">
        <i>At the Close of a Century ·</i>
      </span>
      <span style="white-space:nowrap">
        <i>The Definitive Collection ·</i>
      </span>
      <span style="white-space:nowrap">
        <i>The Complete Stevie Wonder</i>
      </span>
    </p>
    <p>
      <span style="white-space:nowrap">"Fingertips - Part
      2" ·</span>
      <span style="white-space:nowrap">"Uptight (Everything's
      Alright)" ·</span>
      <span style="white-space:nowrap">"Blowin' in the
      Wind" ·</span>
      <span style="white-space:nowrap">"A Place in the
      Sun" ·</span>
      <span style="white-space:nowrap">"I Was Made to Love
      Her" ·</span>
      <span style="white-space:nowrap">"For Once in My
      Life" ·</span>
      <span style="white-space:nowrap">
      "Shoo-Be-Doo-Be-Doo-Da-Day" ·</span>
      <span style="white-space:nowrap">"My Cherie
      Amour" ·</span>
      <span style="white-space:nowrap">"Yester-Me, Yester-You,
      Yesterday" ·</span>
      <span style="white-space:nowrap">"Never Had a Dream Come
      True" ·</span>
      <span style="white-space:nowrap">"Signed, Sealed, Delivered
      I'm Yours" ·</span>
      <span style="white-space:nowrap">"Heaven Help Us
      All" ·</span>
      <span style="white-space:nowrap">"If You Really Love
      Me" ·</span>
      <span style="white-space:nowrap">"Superstition" ·</span>
      <span style="white-space:nowrap">"You Are the Sunshine of My
      Life" ·</span>
      <span style="white-space:nowrap">"Higher
      Ground" ·</span>
      <span style="white-space:nowrap">"Living for the
      City" ·</span>
      <span style="white-space:nowrap">"He's Misstra Know it
      All" ·</span>
      <span style="white-space:nowrap">"You Haven't Done
      Nothin'" ·</span>
      <span style="white-space:nowrap">"Boogie On Reggae
      Woman" ·</span>
      <span style="white-space:nowrap">"I Wish" ·</span>
      <span style="white-space:nowrap">"Sir Duke" ·</span>
      <span style="white-space:nowrap">"Send One Your
      Love" ·</span>
      <span style="white-space:nowrap">"Master Blaster
      (Jammin')" ·</span>
      <span style="white-space:nowrap">"I Ain't Gonna Stand for
      It" ·</span>
      <span style="white-space:nowrap">"Lately" ·</span>
      <span style="white-space:nowrap">"Happy
      Birthday" ·</span>
      <span style="white-space:nowrap">"That Girl" ·</span>
      <span style="white-space:nowrap">"Do I Do" ·</span>
      <span style="white-space:nowrap">"Ebony and
      Ivory" ·</span>
      <span style="white-space:nowrap">"Ribbon in the
      Sky" ·</span>
      <span style="white-space:nowrap">"I Just Called to Say I Love
      You" ·</span>
      <span style="white-space:nowrap">"Part-Time
      Lover" ·</span>
      <span style="white-space:nowrap">"
      <strong class="selflink">
That's What Friends Are For
</strong>" ·</span>
      <span style="white-space:nowrap">"Go Home"</span>
    </p>
    <p>
      <span style="white-space:nowrap">Discography ·</span>
      <span style="white-space:nowrap">Syreeta Wright ·</span>
      <span style="white-space:nowrap">KJLH ·</span>
      <span style="white-space:nowrap">Motown ·</span>
      <span style="white-space:nowrap">Soul music</span>
    </p>
    <p>Discography</p>
  </descr>
</top-song>
