<top-song xmlns="http://marklogic.com/MLU/top-songs">
  <!--Copyright (c) 2010 Mark Logic Corporation. Permission is
granted to copy, distribute and/or modify this document under the terms of the
GNU Free Documentation License, Version 1.2 or any later version published by
the Free Software Foundation; with no Invariant Sections, no Front-Cover Texts,
and no Back-Cover Texts. A copy of the license is included in the section 
entitled "GNU Free Documentation License." Content derived from 
http://en.wikipedia.org/wiki/Go_Away_Little_Girl 

Modified in February 2010 by Mark Logic Corporation under the terms of the 
GNU Free Documentation License.-->
  <title href="http://en.wikipedia.org/wiki/Go_Away_Little_Girl" xmlns:ts="http://marklogic.com/MLU/top-songs">Go Away Little Girl</title>
  <artist href="http://en.wikipedia.org/wiki/Donny_Osmond" xmlns:ts="http://marklogic.com/MLU/top-songs">Donny Osmond</artist>
  <weeks last="1971-09-25">
    <week>1971-09-11</week>
    <week>1971-09-18</week>
    <week>1971-09-25</week>
  </weeks>
  <released>1962</released>
  <formats>
    <format>vinyl record (7")</format>
  </formats>
  <genres>
    <genre>Pop</genre>
  </genres>
  <lengths>
    <length>2:12</length>
  </lengths>
  <label>Columbia Records</label>
  <writers>
    <writer>Gerry Goffin and Carole King</writer>
  </writers>
  <descr>
    <p>"Go Away, Little Girl" is a popular song written by Gerry
    Goffin and Carole King. The lyrics consist of a young man
    asking an attractive young woman to stay away from him, so he
    won't be tempted to betray his steady girlfriend by kissing
    her. The song is notable for making the American Top 20 three
    times: for Steve Lawrence in 1962 (US #1), for The Happenings
    in 1966 (US #12), and for Donny Osmond in 1971 (US #1). It is
    also the first song, and one of only nine songs, to reach US #1
    by two different artists.</p>
    
    <p>In late 1962, Steve Lawrence released the original recording
    of this song. The single reached number one on the Billboard
    Hot 100 in January 1963 and remained in the top position for
    two weeks. This recording also spent six weeks atop the U.S.
    Easy Listening chart. It also went to #1 on the New Zealand
    Lever chart and #18 in Canada.</p>
    <p>Mark Wynter's 1962 cover of the song on the Pye Records
    label also made the UK Singles Chart, reaching number six in
    Britain.</p>
    <p>Donny Osmond's cover version reached number one on the Hot
    100 chart in September 1971. It remained in the top position
    for three weeks. Osmond's version also went to #36 on the
    Australian Go-Set chart.</p>
    <p>"Go Away Little Girl" has also been covered by numerous
    other artists, such as Del Shannon, Bobby Vinton and Bobby Vee
    .</p>
  </descr>
</top-song>
