<top-song xmlns="http://marklogic.com/MLU/top-songs">
  <!--Copyright (c) 2010 Mark Logic Corporation. Permission is
granted to copy, distribute and/or modify this document under the terms of the
GNU Free Documentation License, Version 1.2 or any later version published by
the Free Software Foundation; with no Invariant Sections, no Front-Cover Texts,
and no Back-Cover Texts. A copy of the license is included in the section 
entitled "GNU Free Documentation License." Content derived from 
http://en.wikipedia.org/wiki/A_View_to_a_Kill_(song) 

Modified in February 2010 by Mark Logic Corporation under the terms of the 
GNU Free Documentation License.-->
  <title href="http://en.wikipedia.org/wiki/A_View_to_a_Kill_(song)" xmlns:ts="http://marklogic.com/MLU/top-songs">A View to a Kill</title>
  <artist href="http://en.wikipedia.org/wiki/Duran_Duran" xmlns:ts="http://marklogic.com/MLU/top-songs">Duran Duran</artist>
  <weeks last="1985-07-20">
    <week>1985-07-13</week>
    <week>1985-07-20</week>
  </weeks>
  <released>May 1985</released>
  <recorded>spring 1985</recorded>
  <genres>
    <genre>Rock</genre>
    <genre>New Wave</genre>
  </genres>
  <lengths>
    <length>3:34</length>
  </lengths>
  <label>EMI - DURAN 007</label>
  <producers>
    <producer>Bernard Edwards</producer>
  </producers>
  <descr>
    <p>"A View to a Kill" is the thirteenth single by Duran Duran,
    released in May 1985.</p>
    <p>It was a stand-alone single, created for the James Bond
    movie 
    <i>A View to a Kill</i>, and it remains the only James Bond
    theme song to have reached #1 on the Billboard Hot 100; it also
    made it to #2 for 3 weeks on the UK Singles Chart, held off the
    top spot by "19" by Paul Hardcastle. In 1986, John Barry and
    Duran Duran were nominated for the Golden Globe Award for Best
    Original Song for 
    <i>A View to a Kill</i>. Many fans around the world acclaim it
    by its famous phrase, "Dance Into The Fire".</p>
    <p>The song was the last track that the original five members
    of Duran Duran recorded together until their reunion sixteen
    years later, in 2001. It was played at their final 1985
    performance together before splitting for the very first time,
    at Live Aid in Philadelphia. The single was at #1 on the
    Billboard Hot 100 at the time they performed it on that
    historic event.</p>
    <p>The song was written by Duran Duran and John Barry, and
    recorded at Maison Rouge Studio and CTS Studio in London with a
    60-piece orchestra.</p>
    <p>Duran Duran was chosen to do the song after bassist John
    Taylor (a lifelong Bond fan) approached producer Cubby Broccoli
    at a party, and somewhat drunkenly asked "When are you going to
    get someone 
    <i>decent</i>to do one of your theme songs?" This inauspicious
    beginning led to some serious talks, and the band was
    introduced to Bond composer John Barry, and also Jonathan Elias
    (whom Duran Duran members would later work with many times). An
    early writing meeting at Taylor's flat in Knightsbridge led to
    everyone getting drunk instead of composing.</p>
    <p>Singer Simon Le Bon said of Barry: "He didn't really come up
    with any of the basic musical ideas. He heard what we came up
    with and he put them into an order. And that's why it happened
    so quickly because he was able to separate the good ideas from
    the bad ones, and he arranged them. He has a great way of
    working brilliant chord arrangements. He was working with us as
    virtually a sixth member of the group, but not really getting
    on our backs at all."</p>
    <p>The song was finally completed in April 1985, and was
    released worldwide in May the same year.</p>
    <p>The song was accompanied by a tongue-in-cheek video filmed
    in June 1985. It was directed by the duo Godley &amp; Creme
    (who had also directed their 1981 video for "Girls on Film".)
    The video cast the band members as spies and assassins
    scampering all over the Eiffel Tower, in a rather tangled
    thicket of half-sketched storylines. Band members execute many
    actions: Roger Taylor sends out his probe-cams from inside his
    mobile HQ to patrol around the whole Eiffel Tower, Nick Rhodes
    takes pictures with his spy cam, John Taylor supposedly gives a
    "helping hand" to Bond (Roger Moore) by shooting at May Day
    (Grace Jones) with his hidden "binnoculars-camouflaged" gun
    while Andy Taylor directs his sonic accordion attacks upon Nick
    as Simon Le Bon wanders about, using a portable cassette player
    to set off a series of explosions elsewhere in the world. These
    shots are intercut with a few scenes taken from the 
    <i>A View to a Kill</i>film, including those featuring Moore
    and Jones on the Eiffel Tower, so that it appears the actors
    and the band are participating in the same storyline.</p>
    <p>At the end of the video, a woman approaches Le Bon asking
    him "Excuse me! And you?", then he finishes with a spoof of
    Bond's signature introduction, smarmily introducing himself:
    "Bon. Simon Le Bon." After saying this, he looks at his fake
    cassette player only to notice it programmed the Eiffel Tower
    to explode inmediately. However, instead of the entire tower
    collapsing, a postcard with a picture of Eiffel Tower, that is
    being sold at a tourist stand on the ground floor explodes as a
    gunbarrel closes to end the video.</p>
    <p>The b-side was an instrumental piece orchestrated by John
    Barry, titled "A View To A Kill (That Fatal Kiss)".</p>
    <p>It is thought that there was no 12" remix for the song
    because the band ran out of time. However, Capitol Records did
    commission and receive at least one remix of the track.</p>
    <p>In addition BBC Radio 1 (in the UK) played one extended
    version of the track which included the well-known "I expect
    you to die" quote from Goldfinger as a one-off promotion around
    the time the single was released. An unofficial DJ Service
    remix called "A View to a kill (Art of Mix)" has appeared on
    various DJ and bootleg compilations. There is also a fan-made
    remix which combines the whole Duran Duran's version with some
    sampled scores from its film and an orchestral score completely
    based upon that of the band's. It was named as "A View To A
    Kill (Saint Ken Extended Remix)".</p>
    <p>Cover versions have been recorded by popular Welsh band
    Lostprophets, Canadian punk band Gob, and Australian band
    Custard. In 2006 the Chilean band Los MOX! recorded a new and
    heavier version of the song for their album titled "... con
    cover" Another cover version of the song was created in 1985 by
    a euro disco group called DJ's Factory. This cover of 
    <i>A View to a Kill</i>has a more disco/house sound as compared
    to that of Duran Duran's. Shirley Bassey covered the song, as
    she did with all of the Bond songs (up to GoldenEye) for an
    album- however, she wasn't satisfied with the quality, so the
    album was never released. Finnish Melodic Death Metal band
    Diablo has covered the song, so has Finnish symphonic metal
    cover supergroup Northern Kings. In 2008, the song was covered
    with a bossa feeling by former Morcheeba singer Skye on the
    cover album 
    <i>Hollywood Mon Amour</i>.</p>
    <p>Måns Zelmerlöw performed a live version of the song at the
    beginning of the Andra Chansen round of Melodifestivalen 2010
    in Örebro, Sweden.</p>
    <p>Albums:</p>
    
    
    <p>
      <span style="white-space:nowrap"> ·</span>
      <span style="white-space:nowrap"> ·</span>
      <span style="white-space:nowrap"> ·</span>
      <span style="white-space:nowrap">, Andy Taylor ·</span>
      <span style="white-space:nowrap">Warren
      Cuccurullo ·</span>
      <span style="white-space:nowrap">Sterling
      Campbell ·</span>
      <span style="white-space:nowrap">Stephen Duffy ·</span>
      <span style="white-space:nowrap">Simon Colley ·</span>
      <span style="white-space:nowrap">Andy Wickett ·</span>
      <span style="white-space:nowrap">Alan Curtis ·</span>
      <span style="white-space:nowrap">Jeff Thomas</span>
    </p>
    <p>
      <span style="white-space:nowrap">
        <i>Duran Duran ·</i>
      </span>
      <span style="white-space:nowrap">
        <i>Rio ·</i>
      </span>
      <span style="white-space:nowrap">
        <i>Seven and the Ragged Tiger ·</i>
      </span>
      <span style="white-space:nowrap">
        <i>Notorious ·</i>
      </span>
      <span style="white-space:nowrap">
        <i>Big Thing ·</i>
      </span>
      <span style="white-space:nowrap">
        <i>Liberty ·</i>
      </span>
      <span style="white-space:nowrap">
        <i>Duran Duran ·</i>
      </span>
      <span style="white-space:nowrap">
        <i>Thank You ·</i>
      </span>
      <span style="white-space:nowrap">
        <i>Medazzaland ·</i>
      </span>
      <span style="white-space:nowrap">
        <i>Pop Trash ·</i>
      </span>
      <span style="white-space:nowrap">
        <i>Astronaut ·</i>
      </span>
      <span style="white-space:nowrap">
        <i>Red Carpet Massacre</i>
      </span>
    </p>
    <p>
      <i>Live at Hammersmith 82! ·</i>
      <i>Arena</i>
    </p>
    <p>
      <span style="white-space:nowrap">
        <i>Carnival ·</i>
      </span>
      <span style="white-space:nowrap">
        <i>Master Mixes ·</i>
      </span>
      <span style="white-space:nowrap">
        <i>Decade: Greatest Hits ·</i>
      </span>
      <span style="white-space:nowrap">
        <i>Greatest ·</i>
      </span>
      <span style="white-space:nowrap">
        <i>Night Versions: The Essential Duran Duran ·</i>
      </span>
      <span style="white-space:nowrap">
        <i>Strange Behaviour ·</i>
      </span>
      <span style="white-space:nowrap">
        <i>Singles Box Set 1981-1985 ·</i>
      </span>
      <span style="white-space:nowrap">
        <i>Singles Box Set 1986-1995 ·</i>
      </span>
      <span style="white-space:nowrap">
        <i>The Essential Collection</i>
      </span>
    </p>
    <p>
      <span style="white-space:nowrap">"Planet Earth" ·</span>
      <span style="white-space:nowrap">"Careless
      Memories" ·</span>
      <span style="white-space:nowrap">"Girls on
      Film" ·</span>
      <span style="white-space:nowrap">"My Own Way" ·</span>
      <span style="white-space:nowrap">"Hungry Like the
      Wolf" ·</span>
      <span style="white-space:nowrap">"Save a
      Prayer" ·</span>
      <span style="white-space:nowrap">"Rio" ·</span>
      <span style="white-space:nowrap">"Is There Something I Should
      Know?" ·</span>
      <span style="white-space:nowrap">"Union of the
      Snake" ·</span>
      <span style="white-space:nowrap">"New Moon on
      Monday" ·</span>
      <span style="white-space:nowrap">"The Reflex" ·</span>
      <span style="white-space:nowrap">"Tiger Tiger" ·</span>
      <span style="white-space:nowrap">"The Wild
      Boys" ·</span>
      <span style="white-space:nowrap">"
      <strong class="selflink">
A View to a Kill
</strong>" ·</span>
      <span style="white-space:nowrap">"Notorious" ·</span>
      <span style="white-space:nowrap">"Skin Trade" ·</span>
      <span style="white-space:nowrap">"Meet El
      Presidente" ·</span>
      <span style="white-space:nowrap">"I Don't Want Your
      Love" ·</span>
      <span style="white-space:nowrap">"All She Wants
      Is" ·</span>
      <span style="white-space:nowrap">"Do You Believe in
      Shame?" ·</span>
      <span style="white-space:nowrap">"Burning the
      Ground" ·</span>
      <span style="white-space:nowrap">"Violence of Summer (Love's
      Taking Over)" ·</span>
      <span style="white-space:nowrap">"Serious" ·</span>
      <span style="white-space:nowrap">"Ordinary
      World" ·</span>
      <span style="white-space:nowrap">"Come Undone" ·</span>
      <span style="white-space:nowrap">"Too Much
      Information" ·</span>
      <span style="white-space:nowrap">"Drowning Man
      " ·</span>
      <span style="white-space:nowrap">"None Of The
      Above" ·</span>
      <span style="white-space:nowrap">"Breath After
      Breath" ·</span>
      <span style="white-space:nowrap">"Femme Fatale" ·</span>
      <span style="white-space:nowrap">"Perfect Day" ·</span>
      <span style="white-space:nowrap">"White Lines" ·</span>
      <span style="white-space:nowrap">"Lay Lady Lay" ·</span>
      <span style="white-space:nowrap">"Out of My
      Mind" ·</span>
      <span style="white-space:nowrap">"Electric
      Barbarella" ·</span>
      <span style="white-space:nowrap">"Someone Else Not
      Me" ·</span>
      <span style="white-space:nowrap">"Playing With
      Uranium" ·</span>
      <span style="white-space:nowrap">"Last Day On
      Earth" ·</span>
      <span style="white-space:nowrap">"(Reach Up for The)
      Sunrise" ·</span>
      <span style="white-space:nowrap">"What Happens
      Tomorrow" ·</span>
      <span style="white-space:nowrap">"Nice" ·</span>
      <span style="white-space:nowrap">"Falling Down"</span>
    </p>
    <p>
      <span style="white-space:nowrap">"Anyone Out
      There" ·</span>
      <span style="white-space:nowrap">"Sound of
      Thunder" ·</span>
      <span style="white-space:nowrap">"Shadows on Your
      Side" ·</span>
      <span style="white-space:nowrap">"Come Up and See Me (Make Me
      Smile)" ·</span>
      <span style="white-space:nowrap">"Planet Earth"
      (Live) ·</span>
      <span style="white-space:nowrap">"Is There Something I Should
      Know?" (Live)" ·</span>
      <span style="white-space:nowrap">"Big Thing" ·</span>
      <span style="white-space:nowrap">"Too Late
      Marlene" ·</span>
      <span style="white-space:nowrap">"The Krush Brothers: LSD
      Edit" ·</span>
      <span style="white-space:nowrap">"Decadence" ·</span>
      <span style="white-space:nowrap">"Cry Baby Cry" ·</span>
      <span style="white-space:nowrap">"Skin Divers"</span>
    </p>
    <p>
      <span style="white-space:nowrap">
        <i>Duran Duran Video 45 ·</i>
      </span>
      <span style="white-space:nowrap">
        <i>Duran Duran ·</i>
      </span>
      <span style="white-space:nowrap">
        <i>Dancing on the Valentine ·</i>
      </span>
      <span style="white-space:nowrap">
        <i>Sing Blue Silver ·</i>
      </span>
      <span style="white-space:nowrap">
        <i>Arena (An Absurd Notion) ·</i>
      </span>
      <span style="white-space:nowrap">
        <i>The Making of Arena ·</i>
      </span>
      <span style="white-space:nowrap">
        <i>Three to Get Ready ·</i>
      </span>
      <span style="white-space:nowrap">
        <i>Working for the Skin Trade ·</i>
      </span>
      <span style="white-space:nowrap">
        <i>6ix by 3hree ·</i>
      </span>
      <span style="white-space:nowrap">
        <i>Decade: Greatest Hits ·</i>
      </span>
      <span style="white-space:nowrap">
        <i>Extraordinary World ·</i>
      </span>
      <span style="white-space:nowrap">
        <i>Greatest ·</i>
      </span>
      <span style="white-space:nowrap">
        <i>Live from London</i>
      </span>
    </p>
    <p>
      <span style="white-space:nowrap">Arcadia ·</span>
      <span style="white-space:nowrap">Power Station ·</span>
      <span style="white-space:nowrap">Neurotic
      Outsiders ·</span>
      <span style="white-space:nowrap">The Devils</span>
    </p>
    <p>
      <span style="white-space:nowrap">Discography ·</span>
      <span style="white-space:nowrap">TV Mania ·</span>
      <span style="white-space:nowrap">Tours[[1]]</span>
    </p>
  </descr>
</top-song>
