<top-song xmlns="http://marklogic.com/MLU/top-songs">
  <!--Copyright (c) 2010 Mark Logic Corporation. Permission is
granted to copy, distribute and/or modify this document under the terms of the
GNU Free Documentation License, Version 1.2 or any later version published by
the Free Software Foundation; with no Invariant Sections, no Front-Cover Texts,
and no Back-Cover Texts. A copy of the license is included in the section 
entitled "GNU Free Documentation License." Content derived from 
http://en.wikipedia.org/wiki/One_of_These_Nights_(song) 

Modified in February 2010 by Mark Logic Corporation under the terms of the 
GNU Free Documentation License.-->
  <title href="http://en.wikipedia.org/wiki/One_of_These_Nights_(song)" xmlns:ts="http://marklogic.com/MLU/top-songs">One of These Nights</title>
  <artist href="http://en.wikipedia.org/wiki/Eagles" xmlns:ts="http://marklogic.com/MLU/top-songs">Eagles</artist>
  <weeks last="1975-08-02">
    <week>1975-08-02</week>
  </weeks>
  <album url="http://upload.wikimedia.org/wikipedia/en/thumb/9/9b/Oneofthesenightssingle.jpg/200px-Oneofthesenightssingle.jpg" uri="/images/Eagles+One-of-These-Nights.jpg">One of These
  Nights</album>
  <released>May 19, 1975</released>
  <formats>
    <format>7"</format>
  </formats>
  <genres>
    <genre>Pop rock</genre>
    <genre>Country rock</genre>
  </genres>
  <lengths>
    <length>4:55</length>
  </lengths>
  <label>Asylum</label>
  <writers>
    <writer>Don Henley</writer>
    <writer>Glenn Frey</writer>
  </writers>
  <producers>
    <producer>Bill Szymczyk</producer>
  </producers>
  <descr>
    <p>"One of These Nights" is a song written by Don Henley and
    Glenn Frey and recorded by the American rock band Eagles. The
    title track from their 
    <i>One of These Nights</i>album, the song became their second
    single to top the Billboard Hot 100 chart and also helped
    propel the album to number one. The single version was
    shortened from the album version of the song, removing most of
    the song's intro and most of its fade-out, as well. Don Henley
    is lead vocalist on the verses, while Randy Meisner is lead
    vocalist on the refrain. It also features a guitar solo from
    Don Felder</p>
    <p>According to songwriter Glenn Frey, the song is about
    putting things off. "We've all said, 'one of these nights I'm
    gonna do something -- get that girl, make that money, find that
    house. We all have our dreams - a vision we hope will come true
    someday. When that 'someday' will come is up to each of
    us."</p>
    <p>The B-side, "Visions", features lead vocals by guitarist Don
    Felder, the only such Eagles song.</p>
    
  </descr>
</top-song>
