<top-song xmlns="http://marklogic.com/MLU/top-songs">
  <!--Copyright (c) 2010 Mark Logic Corporation. Permission is
granted to copy, distribute and/or modify this document under the terms of the
GNU Free Documentation License, Version 1.2 or any later version published by
the Free Software Foundation; with no Invariant Sections, no Front-Cover Texts,
and no Back-Cover Texts. A copy of the license is included in the section 
entitled "GNU Free Documentation License." Content derived from 
http://en.wikipedia.org/wiki/(It%27s_No)_Sin 

Modified in February 2010 by Mark Logic Corporation under the terms of the 
GNU Free Documentation License.-->
  <title href="http://en.wikipedia.org/wiki/(It%27s_No)_Sin" xmlns:ts="http://marklogic.com/MLU/top-songs">(It's No) Sin</title>
  <artist href="http://en.wikipedia.org/wiki/Eddy_Howard" xmlns:ts="http://marklogic.com/MLU/top-songs">Eddy Howard</artist>
  <weeks last="1951-12-15">
    <week>1951-12-15</week>
  </weeks>
  <recorded>1952</recorded>
  <genres>
    <genre>Vocal Music</genre>
  </genres>
  <label>Victoria</label>
  <writers>
    <writer>George Hoven</writer>
    <writer>Chester R. Shull</writer>
  </writers>
  <descr>
    <p>"(It’s No) Sin" is a 1951 popular song with music by George
    Hoven and lyrics by Chester R. Shull. Popular recordings of the
    song were made by The Four Aces and Eddy Howard.</p>
    <p>The recording by Eddy Howard was released by Mercury Records
    as catalog number 5711. It first reached the Billboard magazine
    charts on September 14, 1951 and lasted 23 weeks on the chart,
    peaking at #1.</p>
    <p>The recording by The Four Aces was released by Victoria
    Records as catalog number 101. It first reached the Billboard
    magazine charts on September 7, 1951 and lasted 22 weeks on the
    chart, peaking at #4. This was The Four Aces' first charting
    record and led to their receiving a contract with a major
    company, Decca.</p>
    <p>This song should not be confused with "It's a Sin", another
    popular song of the same era.</p>
    <p>The song was revived in 1964 by The Duprees, a group that
    made a number of recordings of 1950s hits.</p>
    
  </descr>
</top-song>
