<top-song xmlns="http://marklogic.com/MLU/top-songs">
  <!--Copyright (c) 2010 Mark Logic Corporation. Permission is
granted to copy, distribute and/or modify this document under the terms of the
GNU Free Documentation License, Version 1.2 or any later version published by
the Free Software Foundation; with no Invariant Sections, no Front-Cover Texts,
and no Back-Cover Texts. A copy of the license is included in the section 
entitled "GNU Free Documentation License." Content derived from 
http://en.wikipedia.org/wiki/Something_About_the_Way_You_Look_Tonight 

Modified in February 2010 by Mark Logic Corporation under the terms of the 
GNU Free Documentation License.-->
  <title href="http://en.wikipedia.org/wiki/Something_About_the_Way_You_Look_Tonight" xmlns:ts="http://marklogic.com/MLU/top-songs">Something About the Way You Look Tonight" / "Candle In The Wind 1997</title>
  <artist href="http://en.wikipedia.org/wiki/Elton_John" xmlns:ts="http://marklogic.com/MLU/top-songs">Elton John</artist>
  <weeks last="1998-01-10">
    <week>1998-01-03</week>
    <week>1998-01-10</week>
  </weeks>
  <album url="http://upload.wikimedia.org/wikipedia/en/thumb/d/dc/Something_About_the_Way_You_Look_Tonight_%26_Candle_in_the_Wind_1997.jpg/200px-Something_About_the_Way_You_Look_Tonight_%26_Candle_in_the_Wind_1997.jpg" uri="/images/Elton-John+Something-About-the-Way-You-Look-Tonight-Candle-In-The-Wind-1997.jpg">
  The Big Picture</album>
  <released>13 September 1997  (1997-09-13) ( UK ) , 23
  September 1997  (1997-09-23) ( US )</released>
  <formats>
    <format>CD</format>
    <format>7"</format>
  </formats>
  <lengths>
    <length>4:01</length>
  </lengths>
  <label>Mercury / Rocket</label>
  <writers>
    <writer>Elton John</writer>
    <writer>Bernie Taupin</writer>
  </writers>
  <producers>
    <producer>Chris Thomas</producer>
  </producers>
  <descr>
    <p>"Something About the Way You Look Tonight" is a song by
    Elton John, released as the first single from 
    <i>The Big Picture</i>. The single was released as a double
    A-side single with "Candle in the Wind 1997".</p>
    <p>The video for the song featured actors and actresses from
    the UK television programme 
    <i>This Life</i>, as well as supermodels Kate Moss and Sophie
    Dahl and is regarded as one of Elton John's best videos. John
    has publicly revealed (through his "warts and all" documentary 
    <i>Tantrums and Tiaras</i>) that he finds videos "fucking
    loathsome" and after the album 
    <i>The Big Picture</i>refrained from appearing in his own
    videos unless they were cameo appearances.</p>
    <p>"Something About the Way You Look Tonight" and the video
    were dedicated (and maybe this inspired the song) to the memory
    of Gianni Versace, murdered that year.</p>
    <p>In the UK only, the single sold over 4,864,600 copies (8x
    Platinum), making the song the best-selling single ever in UK
    history. It remained for five weeks at the number-one position.
    In the US, the song was considered a double-A-side with "Candle
    in the Wind 1997" and spent fourteen weeks at number one on the
    Billboard Hot 100. On the US adult contemporary chart, however,
    "Something About the Way You Look Tonight" and "Candle in the
    Wind 1997" charted separately, and while the tribute to
    Princess Diana peaked at #5 on this chart, "Something About the
    Way You Look Tonight" spent ten weeks at #1 in late 1997 and
    early 1998.</p>
    <p>Discography</p>
  </descr>
</top-song>
