<top-song xmlns="http://marklogic.com/MLU/top-songs">
  <!--Copyright (c) 2010 Mark Logic Corporation. Permission is
granted to copy, distribute and/or modify this document under the terms of the
GNU Free Documentation License, Version 1.2 or any later version published by
the Free Software Foundation; with no Invariant Sections, no Front-Cover Texts,
and no Back-Cover Texts. A copy of the license is included in the section 
entitled "GNU Free Documentation License." Content derived from 
http://en.wikipedia.org/wiki/Kiss_You_All_Over 

Modified in February 2010 by Mark Logic Corporation under the terms of the 
GNU Free Documentation License.-->
  <title href="http://en.wikipedia.org/wiki/Kiss_You_All_Over" xmlns:ts="http://marklogic.com/MLU/top-songs">Kiss You All Over</title>
  <artist href="http://en.wikipedia.org/wiki/Exile_(American_band)" xmlns:ts="http://marklogic.com/MLU/top-songs">Exile</artist>
  <weeks last="1978-10-21">
    <week>1978-09-30</week>
    <week>1978-10-07</week>
    <week>1978-10-14</week>
    <week>1978-10-21</week>
  </weeks>
  <descr>
    <p>"Kiss You All Over" is a number one single in the United
    States during 1978 by the group Exile. It was included on the
    band's album 
    <i>Mixed Emotions</i>, and it featured primarily the late Jimmy
    Stokley on lead vocals (although guitarist J.P. Pennington also
    had some lead vocal parts). This song proved to be Exile's only
    big hit in the pop rock market; Stokley left the band in 1979,
    and the remaining members took a decidedly more country
    direction with the dawning of the 1980s.</p>
    <p>The song appeared in the 1996 Adam Sandler film 
    <i>Happy Gilmore</i>. It was also used in 2007 on CBC's 
    <i>Hockey Night In Canada</i>during a montage of Stanley Cup
    celebrations at the conclusion of the final game of the Stanley
    Cup Playoffs.</p>
    <p>The song was also featured in the Andy Kaufman biopic, 
    <i>Man on the Moon</i>, in the scene where Andy visits some
    prostitutes, and in the 2006 comedy 
    <i>Employee of the Month</i>in a scene which Dax Shepard and
    Efren Ramirez are listening to the song and end up discussing
    it.</p>
    
  </descr>
</top-song>
