<top-song xmlns="http://marklogic.com/MLU/top-songs">
  <!--Copyright (c) 2010 Mark Logic Corporation. Permission is
granted to copy, distribute and/or modify this document under the terms of the
GNU Free Documentation License, Version 1.2 or any later version published by
the Free Software Foundation; with no Invariant Sections, no Front-Cover Texts,
and no Back-Cover Texts. A copy of the license is included in the section 
entitled "GNU Free Documentation License." Content derived from 
http://en.wikipedia.org/wiki/Five_Minutes_More 

Modified in February 2010 by Mark Logic Corporation under the terms of the 
GNU Free Documentation License.-->
  <title href="http://en.wikipedia.org/wiki/Five_Minutes_More" xmlns:ts="http://marklogic.com/MLU/top-songs">Five Minutes More</title>
  <artist href="http://en.wikipedia.org/wiki/Frank_Sinatra" xmlns:ts="http://marklogic.com/MLU/top-songs">Frank Sinatra</artist>
  <weeks last="1946-09-14">
    <week>1946-09-14</week>
  </weeks>
  <descr>
    <p>"Five Minutes More" is a song written by Sammy Cahn (lyrics)
    and Jule Styne (music), originally recorded by the Ross Sisters
    and later recorded by Frank Sinatra. Five Minutes More was a
    number one hit for two (non-consecutive) weeks in 1946. The
    song ended up at number four on the year-end charts for
    1946.</p>
  </descr>
</top-song>
